timestamp,idk,cumsum,rated_real_power,idk3,max_watts_hour,idk4,idk5,real_available_Wh,idk6,consumed_watts,idk7
Fri Aug 13 00:00:14 2021,0,1443,0,6,3630,0,7,150,0,0,0
Fri Aug 13 00:01:14 2021,0,1443,0,6,3630,0,7,150,0,0,0
Fri Aug 13 00:02:15 2021,0,1443,0,6,3630,0,7,150,0,0,0
Fri Aug 13 00:03:16 2021,0,1443,0,6,3630,0,7,150,0,0,0
Fri Aug 13 00:04:16 2021,0,1443,0,6,3630,0,7,150,0,0,0
Fri Aug 13 00:05:17 2021,0,1443,0,6,3630,0,7,150,0,0,0
Fri Aug 13 00:06:17 2021,0,1443,0,6,3630,0,7,150,0,0,0
Fri Aug 13 00:07:18 2021,0,1443,0,6,3630,0,7,150,0,0,0
Fri Aug 13 00:08:18 2021,0,1443,0,6,3630,0,7,150,0,0,0
Fri Aug 13 00:09:19 2021,0,1443,0,6,3630,0,7,150,0,0,0
Fri Aug 13 00:10:20 2021,0,1443,0,6,3630,0,7,150,0,0,0
Fri Aug 13 00:11:20 2021,0,1443,0,6,3630,0,7,150,0,0,0
Fri Aug 13 00:12:21 2021,0,1443,0,6,3630,0,7,150,0,0,0
Fri Aug 13 00:13:21 2021,0,1443,0,6,3630,0,7,150,0,0,0
Fri Aug 13 00:14:22 2021,0,1443,0,6,3630,0,7,150,0,0,0
Fri Aug 13 00:15:22 2021,0,1443,0,6,3630,0,7,150,0,0,0
Fri Aug 13 00:16:23 2021,0,1443,0,6,3630,0,7,150,0,0,0
Fri Aug 13 00:17:24 2021,0,1443,0,6,3630,0,7,150,0,0,0
Fri Aug 13 00:18:24 2021,0,1443,0,6,3630,0,7,150,0,0,0
Fri Aug 13 00:19:25 2021,0,1443,0,6,3630,0,7,150,0,0,0
Fri Aug 13 00:20:25 2021,0,1443,0,6,3630,0,7,150,0,0,0
Fri Aug 13 00:21:26 2021,0,1443,0,6,3630,0,7,150,0,0,0
Fri Aug 13 00:22:27 2021,0,1443,0,6,3630,0,7,150,0,0,0
Fri Aug 13 00:23:27 2021,0,1443,0,6,3630,0,7,150,0,0,0
Fri Aug 13 00:24:28 2021,0,1443,0,6,3630,0,7,150,0,0,0
Fri Aug 13 00:25:28 2021,0,1443,0,6,3630,0,7,150,0,0,0
Fri Aug 13 00:26:29 2021,0,1443,0,6,3630,0,7,150,0,0,0
Fri Aug 13 00:27:30 2021,0,1443,0,6,3630,0,7,150,0,0,0
Fri Aug 13 00:28:30 2021,0,1443,0,6,3630,0,7,150,0,0,0
Fri Aug 13 00:29:31 2021,0,1443,0,6,3630,0,7,150,0,0,0
Fri Aug 13 00:30:31 2021,0,1443,0,6,3630,0,7,150,0,0,0
Fri Aug 13 00:31:32 2021,0,1443,0,6,3630,0,7,150,0,0,0
Fri Aug 13 00:32:32 2021,0,1443,0,6,3630,0,7,150,0,0,0
Fri Aug 13 00:33:33 2021,0,1443,0,6,3630,0,7,150,0,0,0
Fri Aug 13 00:34:33 2021,0,1443,0,6,3630,0,7,150,0,0,0
Fri Aug 13 00:35:34 2021,0,1443,0,6,3630,0,7,150,0,0,0
Fri Aug 13 00:36:35 2021,0,1443,0,6,3630,0,7,150,0,0,0
Fri Aug 13 00:37:35 2021,0,1443,0,6,3630,0,7,150,0,0,0
Fri Aug 13 00:38:36 2021,0,1443,0,6,3630,0,7,150,0,0,0
Fri Aug 13 00:39:36 2021,0,1443,0,6,3630,0,7,150,0,0,0
Fri Aug 13 00:40:37 2021,0,1443,0,6,3630,0,7,150,0,0,0
Fri Aug 13 00:41:38 2021,0,1443,0,6,3630,0,7,150,0,0,0
Fri Aug 13 00:42:38 2021,0,1443,0,6,3630,0,7,150,0,0,0
Fri Aug 13 00:43:39 2021,0,1443,0,6,3630,0,7,150,0,0,0
Fri Aug 13 00:44:39 2021,0,1443,0,6,3630,0,7,150,0,0,0
Fri Aug 13 00:45:40 2021,0,1443,0,6,3630,0,7,150,0,0,0
Fri Aug 13 00:46:41 2021,0,1443,0,6,3630,0,7,150,0,0,0
Fri Aug 13 00:47:41 2021,0,1443,0,6,3630,0,7,150,0,0,0
Fri Aug 13 00:48:42 2021,0,1443,0,6,3630,0,7,150,0,0,0
Fri Aug 13 00:49:42 2021,0,1443,0,6,3630,0,7,150,0,0,0
Fri Aug 13 00:50:43 2021,0,1443,0,6,3630,0,7,150,0,0,0
Fri Aug 13 00:51:43 2021,0,1443,0,6,3630,0,7,150,0,0,0
Fri Aug 13 00:52:44 2021,0,1443,0,6,3630,0,7,150,0,0,0
Fri Aug 13 00:53:45 2021,0,1443,0,6,3630,0,7,150,0,0,0
Fri Aug 13 00:54:45 2021,0,1443,0,6,3630,0,7,150,0,0,0
Fri Aug 13 00:55:46 2021,0,1443,0,6,3630,0,7,150,0,0,0
Fri Aug 13 00:56:46 2021,0,1443,0,6,3630,0,7,150,0,0,0
Fri Aug 13 00:57:47 2021,0,1443,0,6,3630,0,7,150,0,0,0
Fri Aug 13 00:58:48 2021,0,1443,0,6,3630,0,7,150,0,0,0
Fri Aug 13 00:59:48 2021,0,1443,0,6,3630,0,7,150,0,0,0
Fri Aug 13 01:00:49 2021,0,1443,0,6,3630,0,7,150,0,0,0
Fri Aug 13 01:01:49 2021,0,1443,0,6,3630,0,7,150,0,0,0
Fri Aug 13 01:02:50 2021,0,1443,0,6,3630,0,7,150,0,0,0
Fri Aug 13 01:03:50 2021,0,1443,0,6,3630,0,7,150,0,0,0
Fri Aug 13 01:04:51 2021,0,1443,0,6,3630,0,7,150,0,0,0
Fri Aug 13 01:05:52 2021,0,1443,0,6,3630,0,7,150,0,0,0
Fri Aug 13 01:06:52 2021,0,1443,0,6,3630,0,7,150,0,0,0
Fri Aug 13 01:07:53 2021,0,1443,0,6,3630,0,7,150,0,0,0
Fri Aug 13 01:08:53 2021,0,1443,0,6,3630,0,7,150,0,0,0
Fri Aug 13 01:09:54 2021,0,1443,0,6,3630,0,7,150,0,0,0
Fri Aug 13 01:10:55 2021,0,1443,0,6,3630,0,7,150,0,0,0
Fri Aug 13 01:11:55 2021,0,1443,0,6,3630,0,7,300,0,0,0
Fri Aug 13 01:12:56 2021,0,1443,0,6,3630,0,7,300,0,0,0
Fri Aug 13 01:13:56 2021,0,1443,0,6,3630,0,7,150,0,0,0
Fri Aug 13 01:14:57 2021,0,1443,0,6,3630,0,7,150,0,0,0
Fri Aug 13 01:15:57 2021,0,1443,0,6,3630,0,7,150,0,0,0
Fri Aug 13 01:16:58 2021,0,1443,0,6,3630,0,7,150,0,0,0
Fri Aug 13 01:17:59 2021,0,1443,0,6,3630,0,7,150,0,0,0
Fri Aug 13 01:18:59 2021,0,1443,0,6,3630,0,7,150,0,0,0
Fri Aug 13 01:20:00 2021,0,1443,0,6,3630,0,7,150,0,0,0
Fri Aug 13 01:21:00 2021,0,1443,0,6,3630,0,7,150,0,0,0
Fri Aug 13 01:22:01 2021,0,1443,0,6,3630,0,7,150,0,0,0
Fri Aug 13 01:23:02 2021,0,1443,0,6,3630,0,7,300,0,0,0
Fri Aug 13 01:24:02 2021,0,1443,0,6,3630,0,7,300,0,0,0
Fri Aug 13 01:25:03 2021,0,1443,0,6,3630,0,7,150,0,0,0
Fri Aug 13 01:26:03 2021,0,1443,0,6,3630,0,7,300,0,0,0
Fri Aug 13 01:27:04 2021,0,1443,0,6,3630,0,7,300,0,0,0
Fri Aug 13 01:28:05 2021,0,1443,0,6,3630,0,7,300,0,0,0
Fri Aug 13 01:29:05 2021,0,1443,0,6,3630,0,7,300,0,0,0
Fri Aug 13 01:30:06 2021,0,1443,0,6,3630,0,7,300,0,0,0
Fri Aug 13 01:31:06 2021,0,1443,0,6,3630,0,7,300,0,0,0
Fri Aug 13 01:32:07 2021,0,1443,0,6,3630,0,7,300,0,0,0
Fri Aug 13 01:33:08 2021,0,1443,0,6,3630,0,7,300,0,0,0
Fri Aug 13 01:34:08 2021,0,1443,0,6,3630,0,7,300,0,0,0
Fri Aug 13 01:35:09 2021,0,1443,0,6,3630,0,7,300,0,0,0
Fri Aug 13 01:36:09 2021,0,1443,0,6,3630,0,7,300,0,10.3226,0
Fri Aug 13 01:37:10 2021,0,1443,0,6,3630,0,7,300,0,0,0
Fri Aug 13 01:38:10 2021,0,1443,0,6,3630,0,7,300,0,0,0
Fri Aug 13 01:39:11 2021,0,1443,0,6,3630,0,7,300,0,0,0
Fri Aug 13 01:40:12 2021,0,1443,0,6,3630,0,7,300,0,0,0
Fri Aug 13 01:41:12 2021,0,1443,0,6,3630,0,7,300,0,0,0
Fri Aug 13 01:42:13 2021,0,1443,0,6,3630,0,7,300,0,0,0
Fri Aug 13 01:43:13 2021,0,1443,0,6,3630,0,7,300,0,0,0
Fri Aug 13 01:44:14 2021,0,1443,0,6,3630,0,7,300,0,0,0
Fri Aug 13 01:45:14 2021,0,1443,0,6,3630,0,7,300,0,0,0
Fri Aug 13 01:46:15 2021,0,1443,0,6,3630,0,7,300,0,0,0
Fri Aug 13 01:47:16 2021,0,1443,0,6,3630,0,7,300,0,0,0
Fri Aug 13 01:48:16 2021,0,1443,0,6,3630,0,7,300,0,0,0
Fri Aug 13 01:49:17 2021,0,1443,0,6,3630,0,7,300,0,0,0
Fri Aug 13 01:50:17 2021,0,1443,0,6,3630,0,7,300,0,0,0
Fri Aug 13 01:51:18 2021,0,1443,0,6,3630,0,7,300,0,0,0
Fri Aug 13 01:52:18 2021,0,1443,0,6,3630,0,7,300,0,0,0
Fri Aug 13 01:53:19 2021,0,1443,0,6,3630,0,7,300,0,0,0
Fri Aug 13 01:54:20 2021,0,1443,0,6,3630,0,7,300,0,10.3226,0
Fri Aug 13 01:55:20 2021,0,1443,0,6,3630,0,7,300,0,0,0
Fri Aug 13 01:56:21 2021,0,1443,0,6,3630,0,7,300,0,0,0
Fri Aug 13 01:57:21 2021,0,1443,0,6,3630,0,7,300,0,0,0
Fri Aug 13 01:58:22 2021,0,1443,0,6,3630,0,7,300,0,0,0
Fri Aug 13 01:59:23 2021,0,1443,0,6,3630,0,7,300,0,0,0
Fri Aug 13 02:00:23 2021,0,1443,0,6,3630,0,7,300,0,0,0
Fri Aug 13 02:01:24 2021,0,1443,0,6,3630,0,7,300,0,0,0
Fri Aug 13 02:02:24 2021,0,1443,0,6,3630,0,7,300,0,0,0
Fri Aug 13 02:03:25 2021,0,1443,0,6,3630,0,7,300,0,0,0
Fri Aug 13 02:04:25 2021,0,1443,0,6,3630,0,7,300,0,0,0
Fri Aug 13 02:05:26 2021,0,1443,0,6,3630,0,7,300,0,0,0
Fri Aug 13 02:06:27 2021,0,1443,0,6,3630,0,7,300,0,0,0
Fri Aug 13 02:07:27 2021,0,1443,0,6,3630,0,7,370,0,10.3226,0
Fri Aug 13 02:08:28 2021,0,1443,0,6,3630,0,7,300,0,0,0
Fri Aug 13 02:09:28 2021,0,1443,0,6,3630,0,7,300,0,0,0
Fri Aug 13 02:10:29 2021,0,1443,0,6,3630,0,7,375,0,0,0
Fri Aug 13 02:11:30 2021,0,1443,0,6,3630,0,7,375,0,0,0
Fri Aug 13 02:12:30 2021,0,1443,0,6,3630,0,7,300,0,0,0
Fri Aug 13 02:13:31 2021,0,1443,0,6,3630,0,7,300,0,0,0
Fri Aug 13 02:14:31 2021,0,1443,0,6,3630,0,7,300,0,0,0
Fri Aug 13 02:15:32 2021,0,1443,0,6,3630,0,7,375,0,0,0
Fri Aug 13 02:16:33 2021,0,1443,0,6,3630,0,7,375,0,0,0
Fri Aug 13 02:17:33 2021,0,1443,0,6,3630,0,7,375,0,0,0
Fri Aug 13 02:18:34 2021,0,1443,0,6,3630,0,7,375,0,0,0
Fri Aug 13 02:19:34 2021,0,1443,0,6,3630,0,7,375,0,0,0
Fri Aug 13 02:20:35 2021,0,1443,0,6,3630,0,7,375,0,0,0
Fri Aug 13 02:21:35 2021,0,1443,0,6,3630,0,7,375,0,0,0
Fri Aug 13 02:22:36 2021,0,1443,0,6,3630,0,7,375,0,0,0
Fri Aug 13 02:23:36 2021,0,1443,0,6,3630,0,7,375,0,0,0
Fri Aug 13 02:24:37 2021,0,1443,0,6,3630,0,7,375,0,0,0
Fri Aug 13 02:25:38 2021,0,1443,0,6,3630,0,7,375,0,0,0
Fri Aug 13 02:26:38 2021,0,1443,0,6,3630,0,7,375,0,0,0
Fri Aug 13 02:27:39 2021,0,1443,0,6,3630,0,7,375,0,0,0
Fri Aug 13 02:28:39 2021,0,1443,0,6,3630,0,7,375,0,10.3226,0
Fri Aug 13 02:29:40 2021,0,1443,0,6,3630,0,7,375,0,0,0
Fri Aug 13 02:30:40 2021,0,1443,0,6,3630,0,7,375,0,0,0
Fri Aug 13 02:31:41 2021,0,1443,0,6,3630,0,7,375,0,0,0
Fri Aug 13 02:32:42 2021,0,1443,0,6,3630,0,7,375,0,0,0
Fri Aug 13 02:33:42 2021,0,1443,0,6,3630,0,7,375,0,0,0
Fri Aug 13 02:34:43 2021,0,1443,0,6,3630,0,7,375,0,0,0
Fri Aug 13 02:35:43 2021,0,1443,0,6,3630,0,7,375,0,0,0
Fri Aug 13 02:36:44 2021,0,1443,0,6,3630,0,7,375,0,0,0
Fri Aug 13 02:37:45 2021,0,1443,0,6,3630,0,7,375,0,0,0
Fri Aug 13 02:38:45 2021,0,1443,0,6,3630,0,7,375,0,0,0
Fri Aug 13 02:39:46 2021,0,1443,0,6,3630,0,7,375,0,0,0
Fri Aug 13 02:40:46 2021,0,1443,0,6,3630,0,7,375,0,0,0
Fri Aug 13 02:41:47 2021,0,1443,0,6,3630,0,7,375,0,0,0
Fri Aug 13 02:42:47 2021,0,1443,0,6,3630,0,7,375,0,0,0
Fri Aug 13 02:43:48 2021,0,1443,0,6,3630,0,7,375,0,0,0
Fri Aug 13 02:44:49 2021,0,1443,0,6,3630,0,7,375,0,0,0
Fri Aug 13 02:45:49 2021,0,1443,0,6,3630,0,7,375,0,0,0
Fri Aug 13 02:46:50 2021,0,1443,0,6,3630,0,7,375,0,0,0
Fri Aug 13 02:47:50 2021,0,1443,0,6,3630,0,7,375,0,0,0
Fri Aug 13 02:48:51 2021,0,1443,0,6,3630,0,7,375,0,0,0
Fri Aug 13 02:49:51 2021,0,1443,0,6,3630,0,7,375,0,0,0
Fri Aug 13 02:50:52 2021,0,1443,0,6,3630,0,7,375,0,0,0
Fri Aug 13 02:51:53 2021,0,1443,0,6,3630,0,7,375,0,0,0
Fri Aug 13 02:52:53 2021,0,1443,0,6,3630,0,7,375,0,0,0
Fri Aug 13 02:53:54 2021,0,1443,0,6,3630,0,7,375,0,0,0
Fri Aug 13 02:54:54 2021,0,1443,0,6,3630,0,7,375,0,0,0
Fri Aug 13 02:55:55 2021,0,1443,0,6,3630,0,7,375,0,0,0
Fri Aug 13 02:56:56 2021,0,1443,0,6,3630,0,7,375,0,0,0
Fri Aug 13 02:57:56 2021,0,1443,0,6,3630,0,7,375,0,0,0
Fri Aug 13 02:58:57 2021,0,1443,0,6,3630,0,7,375,0,0,0
Fri Aug 13 02:59:57 2021,0,1443,0,6,3630,0,7,375,0,0,0
Fri Aug 13 03:00:58 2021,0,1443,0,6,3630,0,7,375,0,0,0
Fri Aug 13 03:01:59 2021,0,1443,0,6,3630,0,7,375,0,0,0
Fri Aug 13 03:02:59 2021,0,1443,0,6,3630,0,7,375,0,0,0
Fri Aug 13 03:04:00 2021,0,1443,0,6,3630,0,7,375,0,0,0
Fri Aug 13 03:05:00 2021,0,1443,0,6,3630,0,7,375,0,0,0
Fri Aug 13 03:06:01 2021,0,1443,0,6,3630,0,7,375,0,0,0
Fri Aug 13 03:07:01 2021,0,1443,0,6,3630,0,7,375,0,0,0
Fri Aug 13 03:08:02 2021,0,1443,0,6,3630,0,7,375,0,0,0
Fri Aug 13 03:09:03 2021,0,1443,0,6,3630,0,7,375,0,0,0
Fri Aug 13 03:10:03 2021,0,1443,0,6,3630,0,7,375,0,0,0
Fri Aug 13 03:11:04 2021,0,1443,0,6,3630,0,7,375,0,0,0
Fri Aug 13 03:12:04 2021,0,1443,0,6,3630,0,7,375,0,0,0
Fri Aug 13 03:13:05 2021,0,1443,0,6,3630,0,7,375,0,0,0
Fri Aug 13 03:14:06 2021,0,1443,0,6,3630,0,7,375,0,0,0
Fri Aug 13 03:15:06 2021,0,1443,0,6,3630,0,7,375,0,0,0
Fri Aug 13 03:16:07 2021,0,1443,0,6,3630,0,7,375,0,0,0
Fri Aug 13 03:17:07 2021,0,1443,0,6,3630,0,7,375,0,0,0
Fri Aug 13 03:18:08 2021,0,1443,0,6,3630,0,7,375,0,0,0
Fri Aug 13 03:19:08 2021,0,1443,0,6,3630,0,7,375,0,0,0
Fri Aug 13 03:20:09 2021,0,1443,0,6,3630,0,7,375,0,0,0
Fri Aug 13 03:21:10 2021,0,1443,0,6,3630,0,7,375,0,0,0
Fri Aug 13 03:22:10 2021,0,1443,0,6,3630,0,7,375,0,0,0
Fri Aug 13 03:23:11 2021,0,1443,0,6,3630,0,7,375,0,0,0
Fri Aug 13 03:24:11 2021,0,1443,0,6,3630,0,7,375,0,0,0
Fri Aug 13 03:25:12 2021,0,1443,0,6,3630,0,7,375,0,0,0
Fri Aug 13 03:26:12 2021,0,1443,0,6,3630,0,7,375,0,0,0
Fri Aug 13 03:27:13 2021,0,1443,0,6,3630,0,7,375,0,0,0
Fri Aug 13 03:28:14 2021,0,1443,0,6,3630,0,7,375,0,0,0
Fri Aug 13 03:29:14 2021,0,1443,0,6,3630,0,7,375,0,0,0
Fri Aug 13 03:30:15 2021,0,1443,0,6,3630,0,7,375,0,0,0
Fri Aug 13 03:31:15 2021,0,1443,0,6,3630,0,7,375,0,0,0
Fri Aug 13 03:32:16 2021,0,1443,0,6,3630,0,7,375,0,0,0
Fri Aug 13 03:33:16 2021,0,1443,0,6,3630,0,7,375,0,0,0
Fri Aug 13 03:34:17 2021,0,1443,0,6,3630,0,7,375,0,0,0
Fri Aug 13 03:35:18 2021,0,1443,0,6,3630,0,7,375,0,0,0
Fri Aug 13 03:36:18 2021,0,1443,0,6,3630,0,7,375,0,0,0
Fri Aug 13 03:37:19 2021,0,1443,0,6,3630,0,7,375,0,0,0
Fri Aug 13 03:38:20 2021,0,1443,0,6,3630,0,7,375,0,0,0
Fri Aug 13 03:39:20 2021,0,1443,0,6,3630,0,7,375,0,0,0
Fri Aug 13 03:40:21 2021,0,1443,0,6,3630,0,7,375,0,0,0
Fri Aug 13 03:41:21 2021,0,1443,0,6,3630,0,7,375,0,0,0
Fri Aug 13 03:42:22 2021,0,1443,0,6,3630,0,7,375,0,0,0
Fri Aug 13 03:43:22 2021,0,1443,0,6,3630,0,7,375,0,0,0
Fri Aug 13 03:44:23 2021,0,1443,0,6,3630,0,7,375,0,0,0
Fri Aug 13 03:45:23 2021,0,1443,0,6,3630,0,7,375,0,0,0
Fri Aug 13 03:46:24 2021,0,1443,0,6,3630,0,7,375,0,0,0
Fri Aug 13 03:47:25 2021,0,1443,0,6,3630,0,7,375,0,0,0
Fri Aug 13 03:48:25 2021,0,1443,0,6,3630,0,7,375,0,0,0
Fri Aug 13 03:49:26 2021,0,1443,0,6,3630,0,7,375,0,10.3226,0
Fri Aug 13 03:50:26 2021,0,1443,0,6,3630,0,7,375,0,0,0
Fri Aug 13 03:51:27 2021,0,1443,0,6,3630,0,7,375,0,0,0
Fri Aug 13 03:52:27 2021,0,1443,0,6,3630,0,7,375,0,0,0
Fri Aug 13 03:53:28 2021,0,1443,0,6,3630,0,7,375,0,0,0
Fri Aug 13 03:54:29 2021,0,1443,0,6,3630,0,7,375,0,0,0
Fri Aug 13 03:55:29 2021,0,1443,0,6,3630,0,7,375,0,0,0
Fri Aug 13 03:56:30 2021,0,1443,0,6,3630,0,7,375,0,0,0
Fri Aug 13 03:57:30 2021,0,1443,0,6,3630,0,7,375,0,0,0
Fri Aug 13 03:58:31 2021,0,1443,0,6,3630,0,7,375,0,0,0
Fri Aug 13 03:59:31 2021,0,1443,0,6,3630,0,7,375,0,0,0
Fri Aug 13 04:00:32 2021,0,1443,0,6,3630,0,7,375,0,0,0
Fri Aug 13 04:01:33 2021,0,1443,0,6,3630,0,7,375,0,0,0
Fri Aug 13 04:02:33 2021,0,1443,0,6,3630,0,7,375,0,0,0
Fri Aug 13 04:03:34 2021,0,1443,0,6,3630,0,7,375,0,0,0
Fri Aug 13 04:04:34 2021,0,1443,0,6,3630,0,7,375,0,0,0
Fri Aug 13 04:05:35 2021,0,1443,0,6,3630,0,7,375,0,0,0
Fri Aug 13 04:06:35 2021,0,1443,0,6,3630,0,7,375,0,0,0
Fri Aug 13 04:07:36 2021,0,1443,0,6,3630,0,7,375,0,0,0
Fri Aug 13 04:08:37 2021,0,1443,0,6,3630,0,7,375,0,0,0
Fri Aug 13 04:09:37 2021,0,1443,0,6,3630,0,7,375,0,0,0
Fri Aug 13 04:10:38 2021,0,1443,0,6,3630,0,7,375,0,0,0
Fri Aug 13 04:11:38 2021,0,1443,0,6,3630,0,7,375,0,0,0
Fri Aug 13 04:12:39 2021,0,1443,0,6,3630,0,7,375,0,0,0
Fri Aug 13 04:13:40 2021,0,1443,0,6,3630,0,7,375,0,0,0
Fri Aug 13 04:14:40 2021,0,1443,0,6,3630,0,7,375,0,0,0
Fri Aug 13 04:15:41 2021,0,1443,0,6,3630,0,7,375,0,0,0
Fri Aug 13 04:16:41 2021,0,1443,0,6,3630,0,7,375,0,0,0
Fri Aug 13 04:17:42 2021,0,1443,0,6,3630,0,7,375,0,0,0
Fri Aug 13 04:18:42 2021,0,1443,0,6,3630,0,7,375,0,0,0
Fri Aug 13 04:19:43 2021,0,1443,0,6,3630,0,7,375,0,0,0
Fri Aug 13 04:20:44 2021,0,1443,0,6,3630,0,7,375,0,0,0
Fri Aug 13 04:21:44 2021,0,1443,0,6,3630,0,7,375,0,0,0
Fri Aug 13 04:22:45 2021,0,1443,0,6,3630,0,7,375,0,0,0
Fri Aug 13 04:23:45 2021,0,1443,0,6,3630,0,7,375,0,0,0
Fri Aug 13 04:24:46 2021,0,1443,0,6,3630,0,7,375,0,0,0
Fri Aug 13 04:25:47 2021,0,1443,0,6,3630,0,7,375,0,0,0
Fri Aug 13 04:26:47 2021,0,1443,0,6,3630,0,7,375,0,0,0
Fri Aug 13 04:27:48 2021,0,1443,0,6,3630,0,7,375,0,0,0
Fri Aug 13 04:28:48 2021,0,1443,0,6,3630,0,7,375,0,0,0
Fri Aug 13 04:29:49 2021,0,1443,0,6,3630,0,7,375,0,0,0
Fri Aug 13 04:30:49 2021,0,1443,0,6,3630,0,7,375,0,0,0
Fri Aug 13 04:31:50 2021,0,1443,0,6,3630,0,7,375,0,0,0
Fri Aug 13 04:32:50 2021,0,1443,0,6,3630,0,7,375,0,0,0
Fri Aug 13 04:33:51 2021,0,1443,0,6,3630,0,7,375,0,0,0
Fri Aug 13 04:34:52 2021,0,1443,0,6,3630,0,7,375,0,0,0
Fri Aug 13 04:35:52 2021,0,1443,0,6,3630,0,7,375,0,0,0
Fri Aug 13 04:36:53 2021,0,1443,0,6,3630,0,7,375,0,0,0
Fri Aug 13 04:37:53 2021,0,1443,0,6,3630,0,7,375,0,0,0
Fri Aug 13 04:38:54 2021,0,1443,0,6,3630,0,7,375,0,0,0
Fri Aug 13 04:39:54 2021,0,1443,0,6,3630,0,7,375,0,0,0
Fri Aug 13 04:40:55 2021,0,1443,0,6,3630,0,7,375,0,0,0
Fri Aug 13 04:41:56 2021,0,1443,0,6,3630,0,7,375,0,0,0
Fri Aug 13 04:42:56 2021,0,1443,0,6,3630,0,7,375,0,10.3226,0
Fri Aug 13 04:43:57 2021,0,1443,0,6,3630,0,7,375,0,0,0
Fri Aug 13 04:44:57 2021,0,1443,0,6,3630,0,7,375,0,0,0
Fri Aug 13 04:45:58 2021,0,1443,0,6,3630,0,7,375,0,0,0
Fri Aug 13 04:46:59 2021,0,1443,0,6,3630,0,7,375,0,0,0
Fri Aug 13 04:47:59 2021,0,1443,0,6,3630,0,7,375,0,0,0
Fri Aug 13 04:49:00 2021,0,1443,0,6,3630,0,7,375,0,0,0
Fri Aug 13 04:50:00 2021,0,1443,0,6,3630,0,7,375,0,0,0
Fri Aug 13 04:51:01 2021,0,1443,0,6,3630,0,7,450,0,0,0
Fri Aug 13 04:52:01 2021,0,1443,0,6,3630,0,7,375,0,0,0
Fri Aug 13 04:53:02 2021,0,1443,0,6,3630,0,7,375,0,0,0
Fri Aug 13 04:54:03 2021,0,1443,0,6,3630,0,7,375,0,0,0
Fri Aug 13 04:55:03 2021,0,1443,0,6,3630,0,7,375,0,0,0
Fri Aug 13 04:56:04 2021,0,1443,0,6,3630,0,7,375,0,0,0
Fri Aug 13 04:57:04 2021,0,1443,0,6,3630,0,7,375,0,0,0
Fri Aug 13 04:58:05 2021,0,1443,0,6,3630,0,7,375,0,0,0
Fri Aug 13 04:59:05 2021,0,1443,0,6,3630,0,7,375,0,10.3226,0
Fri Aug 13 05:00:06 2021,0,1443,0,6,3630,0,7,375,0,0,0
Fri Aug 13 05:01:07 2021,0,1443,0,6,3630,0,7,375,0,0,0
Fri Aug 13 05:02:07 2021,0,1443,0,6,3630,0,7,375,0,0,0
Fri Aug 13 05:03:08 2021,0,1443,0,6,3630,0,7,375,0,0,0
Fri Aug 13 05:04:08 2021,0,1443,0,6,3630,0,7,375,0,0,0
Fri Aug 13 05:05:09 2021,0,1443,0,6,3630,0,7,375,0,0,0
Fri Aug 13 05:06:09 2021,0,1443,0,6,3630,0,7,375,0,0,0
Fri Aug 13 05:07:10 2021,0,1443,0,6,3630,0,7,375,0,0,0
Fri Aug 13 05:08:11 2021,0,1443,0,6,3630,0,7,375,0,0,0
Fri Aug 13 05:09:11 2021,0,1443,0,6,3630,0,7,375,0,0,0
Fri Aug 13 05:10:12 2021,0,1443,0,6,3630,0,7,375,0,0,0
Fri Aug 13 05:11:12 2021,0,1443,0,6,3630,0,7,375,0,0,0
Fri Aug 13 05:12:13 2021,0,1443,0,6,3630,0,7,375,0,0,0
Fri Aug 13 05:13:14 2021,0,1443,0,6,3630,0,7,375,0,0,0
Fri Aug 13 05:14:14 2021,0,1443,0,6,3630,0,7,375,0,0,0
Fri Aug 13 05:15:15 2021,0,1443,0,6,3630,0,7,375,0,0,0
Fri Aug 13 05:16:15 2021,0,1443,0,6,3630,0,7,450,0,0,0
Fri Aug 13 05:17:16 2021,0,1443,0,6,3630,0,7,450,0,0,0
Fri Aug 13 05:18:16 2021,0,1443,0,6,3630,0,7,450,0,0,0
Fri Aug 13 05:19:17 2021,0,1443,0,6,3630,0,7,450,0,0,0
Fri Aug 13 05:20:18 2021,0,1443,0,6,3630,0,7,450,0,0,0
Fri Aug 13 05:21:18 2021,0,1443,0,6,3630,0,7,450,0,0,0
Fri Aug 13 05:22:19 2021,0,1443,0,6,3630,0,7,450,0,0,0
Fri Aug 13 05:23:19 2021,0,1443,0,6,3630,0,7,450,0,0,0
Fri Aug 13 05:24:20 2021,0,1443,0,6,3630,0,7,450,0,0,0
Fri Aug 13 05:25:20 2021,0,1443,0,6,3630,0,7,450,0,0,0
Fri Aug 13 05:26:21 2021,0,1443,0,6,3630,0,7,450,0,0,0
Fri Aug 13 05:27:22 2021,0,1443,0,6,3630,0,7,450,0,0,0
Fri Aug 13 05:28:22 2021,0,1443,0,6,3630,0,7,450,0,0,0
Fri Aug 13 05:29:23 2021,0,1443,0,6,3630,0,7,450,0,0,0
Fri Aug 13 05:30:23 2021,0,1443,0,6,3630,0,7,450,0,0,0
Fri Aug 13 05:31:24 2021,0,1443,0,6,3630,0,7,450,0,0,0
Fri Aug 13 05:32:24 2021,0,1443,0,6,3630,0,7,450,0,0,0
Fri Aug 13 05:33:25 2021,0,1443,0,6,3630,0,7,450,0,0,0
Fri Aug 13 05:34:26 2021,0,1443,0,6,3630,0,7,450,0,0,0
Fri Aug 13 05:35:26 2021,0,1443,0,6,3630,0,7,450,0,0,0
Fri Aug 13 05:36:27 2021,0,1443,0,6,3630,0,7,450,0,0,0
Fri Aug 13 05:37:27 2021,0,1443,0,6,3630,0,7,450,0,0,0
Fri Aug 13 05:38:28 2021,0,1443,0,6,3630,0,7,450,0,0,0
Fri Aug 13 05:39:28 2021,0,1443,0,6,3630,0,7,450,0,0,0
Fri Aug 13 05:40:29 2021,0,1443,0,6,3630,0,7,450,0,0,0
Fri Aug 13 05:41:30 2021,0,1443,0,6,3630,0,7,450,0,0,0
Fri Aug 13 05:42:30 2021,0,1443,0,6,3630,0,7,450,0,0,0
Fri Aug 13 05:43:31 2021,0,1443,0,6,3630,0,7,450,0,0,0
Fri Aug 13 05:44:31 2021,0,1443,0,6,3630,0,7,450,0,0,0
Fri Aug 13 05:45:32 2021,0,1443,0,6,3630,0,7,450,0,0,0
Fri Aug 13 05:46:33 2021,0,1443,0,6,3630,0,7,450,0,0,0
Fri Aug 13 05:47:33 2021,0,1443,0,6,3630,0,7,450,0,0,0
Fri Aug 13 05:48:34 2021,0,1443,0,6,3630,0,7,450,0,0,0
Fri Aug 13 05:49:34 2021,0,1443,0,6,3630,0,7,450,0,0,0
Fri Aug 13 05:50:35 2021,0,1443,0,6,3630,0,7,450,0,0,0
Fri Aug 13 05:51:35 2021,0,1443,0,6,3630,0,7,450,0,0,0
Fri Aug 13 05:52:36 2021,0,1443,0,6,3630,0,7,450,0,0,0
Fri Aug 13 05:53:37 2021,0,1443,0,6,3630,0,7,450,0,0,0
Fri Aug 13 05:54:37 2021,0,1443,0,6,3630,0,7,450,0,0,0
Fri Aug 13 05:55:38 2021,0,1443,0,6,3630,0,7,450,0,0,0
Fri Aug 13 05:56:38 2021,0,1443,0,6,3630,0,7,450,0,0,0
Fri Aug 13 05:57:39 2021,0,1443,0,6,3630,0,7,450,0,0,0
Fri Aug 13 05:58:40 2021,0,1443,0,6,3630,0,7,450,0,0,0
Fri Aug 13 05:59:40 2021,0,1443,0,6,3630,0,7,450,0,0,0
Fri Aug 13 06:00:41 2021,0,1443,0,6,3630,0,7,450,0,0,0
Fri Aug 13 06:01:41 2021,0,1443,0,6,3630,0,7,450,0,0,0
Fri Aug 13 06:02:42 2021,0,1443,0,6,3630,0,7,450,0,0,0
Fri Aug 13 06:03:42 2021,0,1443,0,6,3630,0,7,450,0,0,0
Fri Aug 13 06:04:43 2021,0,1443,0,6,3630,0,7,450,0,0,0
Fri Aug 13 06:05:44 2021,0,1443,0,6,3630,0,7,450,0,0,0
Fri Aug 13 06:06:44 2021,0,1443,0,6,3630,0,7,450,0,0,0
Fri Aug 13 06:07:45 2021,0,1443,0,6,3630,0,7,450,0,0,0
Fri Aug 13 06:08:45 2021,0,1443,0,6,3630,0,7,450,0,0,0
Fri Aug 13 06:09:46 2021,0,1443,0,6,3630,0,7,450,0,0,0
Fri Aug 13 06:10:47 2021,0,1443,0,6,3630,0,7,450,0,0,0
Fri Aug 13 06:11:47 2021,0,1443,0,6,3630,0,7,450,0,0,0
Fri Aug 13 06:12:48 2021,0,1443,0,6,3630,0,7,450,0,0,0
Fri Aug 13 06:13:48 2021,0,1443,0,6,3630,0,7,450,0,0,0
Fri Aug 13 06:14:49 2021,0,1443,0,6,3630,0,7,450,0,0,0
Fri Aug 13 06:15:49 2021,0,1443,0,6,3630,0,7,450,0,0,0
Fri Aug 13 06:16:50 2021,0,1443,0,6,3630,0,7,450,0,0,0
Fri Aug 13 06:17:51 2021,0,1443,0,6,3630,0,7,450,0,0,0
Fri Aug 13 06:18:51 2021,0,1443,0,6,3630,0,7,450,0,0,0
Fri Aug 13 06:19:52 2021,0,1443,0,6,3630,0,7,450,0,0,0
Fri Aug 13 06:20:52 2021,0,1443,0,6,3630,0,7,450,0,0,0
Fri Aug 13 06:21:53 2021,0,1443,0,6,3630,0,7,450,0,0,0
Fri Aug 13 06:22:53 2021,0,1443,0,6,3630,0,7,450,0,0,0
Fri Aug 13 06:23:54 2021,0,1443,0,6,3630,0,7,450,0,0,0
Fri Aug 13 06:24:55 2021,0,1443,0,6,3630,0,7,450,0,0,0
Fri Aug 13 06:25:55 2021,0,1443,0,6,3630,0,7,450,0,0,0
Fri Aug 13 06:26:56 2021,0,1443,0,6,3630,0,7,450,0,0,0
Fri Aug 13 06:27:56 2021,0,1443,0,6,3630,0,7,450,0,10.3226,0
Fri Aug 13 06:28:57 2021,0,1443,0,6,3630,0,7,450,0,0,0
Fri Aug 13 06:29:57 2021,0,1443,0,6,3630,0,7,450,0,0,0
Fri Aug 13 06:30:58 2021,0,1443,0,6,3630,0,7,450,0,0,0
Fri Aug 13 06:31:59 2021,0,1443,0,6,3630,0,7,450,0,0,0
Fri Aug 13 06:32:59 2021,0,1443,0,6,3630,0,7,450,0,0,0
Fri Aug 13 06:34:00 2021,0,1443,0,6,3630,0,7,450,0,0,0
Fri Aug 13 06:35:00 2021,0,1443,0,6,3630,0,7,450,0,0,0
Fri Aug 13 06:36:01 2021,0,1443,0,6,3630,0,7,450,0,0,0
Fri Aug 13 06:37:02 2021,0,1443,0,6,3630,0,7,450,0,0,0
Fri Aug 13 06:38:02 2021,0,1443,0,6,3630,0,7,450,0,0,0
Fri Aug 13 06:39:03 2021,0,1443,0,6,3630,0,7,450,0,0,0
Fri Aug 13 06:40:03 2021,0,1443,0,6,3630,0,7,450,0,0,0
Fri Aug 13 06:41:04 2021,0,1443,0,6,3630,0,7,450,0,0,0
Fri Aug 13 06:42:04 2021,0,1443,0,6,3630,0,7,450,0,0,0
Fri Aug 13 06:43:05 2021,0,1443,0,6,3630,0,7,450,0,0,0
Fri Aug 13 06:44:05 2021,0,1443,0,6,3630,0,7,450,0,0,0
Fri Aug 13 06:45:06 2021,0,1443,0,6,3630,0,7,450,0,0,0
Fri Aug 13 06:46:07 2021,0,1443,0,6,3630,0,7,450,0,0,0
Fri Aug 13 06:47:07 2021,0,1443,0,6,3630,0,7,750,0,51.6129,0
Fri Aug 13 06:48:08 2021,0,1443,0,6,3630,0,7,975,0,41.2903,0
Fri Aug 13 06:49:08 2021,0,1443,0,6,3630,0,7,1425,0,299.355,0
Fri Aug 13 06:50:09 2021,0,1443,0,6,3630,0,7,1950,0,4707.1,1
Fri Aug 13 06:51:09 2021,0,1531,5300,6,3630,0,7,2250,0,4758.71,1
Fri Aug 13 06:52:10 2021,0,1619,5300,6,3630,0,7,2100,0,4769.03,1
Fri Aug 13 06:53:11 2021,0,1707,5300,6,3630,0,7,1950,0,4738.06,1
Fri Aug 13 06:54:11 2021,0,1883,5300,6,3630,0,7,1725,0,4758.71,1
Fri Aug 13 06:55:12 2021,0,1971,5300,6,3630,0,7,1725,0,4769.03,1
Fri Aug 13 06:56:12 2021,0,2059,5300,6,3630,0,7,1650,0,4789.68,1
Fri Aug 13 06:57:13 2021,0,2147,5300,6,3630,0,7,1575,0,4810.32,1
Fri Aug 13 06:58:14 2021,0,2235,5300,6,3630,0,7,1425,0,4810.32,1
Fri Aug 13 06:59:14 2021,0,2323,5300,6,3630,0,7,1425,0,4769.03,1
Fri Aug 13 07:00:15 2021,0,2411,5300,6,3630,0,7,1350,0,4738.06,1
Fri Aug 13 07:01:15 2021,0,2499,5300,6,3630,0,7,1350,0,4696.77,1
Fri Aug 13 07:02:16 2021,0,2587,5300,6,3630,0,7,1200,0,4696.77,1
Fri Aug 13 07:03:17 2021,0,2675,5300,6,3630,0,7,1125,0,4748.39,1
Fri Aug 13 07:04:17 2021,0,2688,800,6,3630,0,7,975,0,402.581,1
Fri Aug 13 07:05:18 2021,0,2701,800,6,3630,0,7,975,0,402.581,1
Fri Aug 13 07:06:18 2021,0,2714,800,6,3630,0,7,975,0,402.581,1
Fri Aug 13 07:07:19 2021,0,2727,800,6,3630,0,7,975,0,402.581,1
Fri Aug 13 07:08:19 2021,0,2740,800,6,3630,0,7,975,0,402.581,1
Fri Aug 13 07:09:20 2021,0,2753,800,6,3630,0,7,975,0,402.581,1
Fri Aug 13 07:10:20 2021,0,2766,800,6,3630,0,7,975,0,402.581,1
Fri Aug 13 07:11:21 2021,0,2779,800,6,3630,0,7,975,0,402.581,1
Fri Aug 13 07:12:22 2021,0,2792,800,6,3630,0,7,975,0,402.581,1
Fri Aug 13 07:13:22 2021,0,2805,800,6,3630,0,7,975,0,402.581,1
Fri Aug 13 07:14:23 2021,0,2818,800,6,3630,0,7,975,0,412.903,1
Fri Aug 13 07:15:23 2021,0,2831,800,6,3630,0,7,900,0,402.581,1
Fri Aug 13 07:16:24 2021,0,2844,800,6,3630,0,7,900,0,412.903,1
Fri Aug 13 07:17:25 2021,0,2857,800,6,3630,0,7,900,0,402.581,1
Fri Aug 13 07:18:25 2021,0,2870,800,6,3630,0,7,825,0,402.581,1
Fri Aug 13 07:19:26 2021,0,2883,800,6,3630,0,7,825,0,412.903,1
Fri Aug 13 07:20:26 2021,0,2896,800,6,3630,0,7,825,0,412.903,1
Fri Aug 13 07:21:27 2021,0,2909,800,6,3630,0,7,825,0,412.903,1
Fri Aug 13 07:22:28 2021,0,2922,800,6,3630,0,7,825,0,412.903,1
Fri Aug 13 07:23:28 2021,0,2935,800,6,3630,0,7,825,0,412.903,1
Fri Aug 13 07:24:29 2021,0,2948,800,6,3630,0,7,750,0,412.903,1
Fri Aug 13 07:25:29 2021,0,2961,800,6,3630,0,7,750,0,412.903,1
Fri Aug 13 07:26:30 2021,0,2974,800,6,3630,0,7,750,0,412.903,1
Fri Aug 13 07:27:31 2021,0,2987,800,6,3630,0,7,750,0,412.903,1
Fri Aug 13 07:28:31 2021,0,3000,800,6,3630,0,7,750,0,423.226,1
Fri Aug 13 07:29:32 2021,0,3013,800,6,3630,0,7,600,0,412.903,1
Fri Aug 13 07:30:32 2021,0,3026,800,6,3630,0,7,600,0,412.903,1
Fri Aug 13 07:31:33 2021,0,3039,800,6,3630,0,7,600,0,412.903,1
Fri Aug 13 07:32:33 2021,0,3052,800,6,3630,0,7,600,0,423.226,1
Fri Aug 13 07:33:34 2021,0,3065,800,6,3630,0,7,600,0,423.226,1
Fri Aug 13 07:34:35 2021,0,3078,800,6,3630,0,7,600,0,423.226,1
Fri Aug 13 07:35:35 2021,0,3091,800,6,3630,0,7,600,0,423.226,1
Fri Aug 13 07:36:36 2021,0,3104,800,6,3630,0,7,600,0,423.226,1
Fri Aug 13 07:37:36 2021,0,3117,800,6,3630,0,7,525,0,423.226,1
Fri Aug 13 07:38:37 2021,0,3130,800,6,3630,0,7,525,0,423.226,1
Fri Aug 13 07:39:38 2021,0,3143,800,6,3630,0,7,525,0,433.548,1
Fri Aug 13 07:40:38 2021,0,3156,800,6,3630,0,7,525,0,423.226,1
Fri Aug 13 07:41:39 2021,0,3169,800,6,3630,0,7,525,0,423.226,1
Fri Aug 13 07:42:39 2021,0,3182,800,6,3630,0,7,525,0,433.548,1
Fri Aug 13 07:43:40 2021,0,3195,800,6,3630,0,7,525,0,433.548,1
Fri Aug 13 07:44:41 2021,0,3208,800,6,3630,0,7,450,0,433.548,1
Fri Aug 13 07:45:41 2021,0,3221,800,6,3630,0,7,450,0,433.548,1
Fri Aug 13 07:46:42 2021,0,3234,800,6,3630,0,7,375,0,433.548,1
Fri Aug 13 07:47:42 2021,0,3247,800,6,3630,0,7,375,0,433.548,1
Fri Aug 13 07:48:43 2021,0,3260,800,6,3630,0,7,375,0,433.548,1
Fri Aug 13 07:49:44 2021,0,3273,800,6,3630,0,7,375,0,433.548,1
Fri Aug 13 07:50:44 2021,0,3286,800,6,3630,0,7,375,0,443.871,1
Fri Aug 13 07:51:45 2021,0,3299,800,6,3630,0,7,375,0,443.871,1
Fri Aug 13 07:52:45 2021,0,3312,800,6,3630,0,7,225,0,433.548,1
Fri Aug 13 07:53:46 2021,0,3325,800,6,3630,0,7,225,0,443.871,1
Fri Aug 13 07:54:47 2021,0,3338,800,6,3630,0,7,225,0,433.548,1
Fri Aug 13 07:55:47 2021,0,3351,800,6,3630,0,7,225,0,443.871,1
Fri Aug 13 07:56:48 2021,0,3364,800,6,3630,0,7,225,0,443.871,1
Fri Aug 13 07:57:48 2021,0,3377,800,6,3630,0,7,225,0,443.871,1
Fri Aug 13 07:58:49 2021,0,3390,800,6,3630,0,7,225,0,443.871,1
Fri Aug 13 07:59:49 2021,0,3403,800,6,3630,0,7,225,0,443.871,1
Fri Aug 13 08:00:50 2021,0,3416,800,6,3630,0,7,75,0,443.871,1
Fri Aug 13 08:01:51 2021,0,3429,800,6,3630,0,7,75,0,443.871,1
Fri Aug 13 08:02:51 2021,0,3442,800,6,3630,0,7,75,0,443.871,1
Fri Aug 13 08:03:52 2021,0,3455,800,6,3630,0,7,75,0,443.871,1
Fri Aug 13 08:04:52 2021,0,3468,800,6,3630,0,7,75,0,443.871,1
Fri Aug 13 08:05:53 2021,0,3481,800,6,3630,0,7,75,0,443.871,1
Fri Aug 13 08:06:53 2021,0,3494,800,6,3630,0,7,0,0,443.871,1
Fri Aug 13 08:07:54 2021,0,3507,800,6,3630,0,7,0,0,443.871,1
Fri Aug 13 08:08:55 2021,0,3520,800,6,3630,0,7,0,0,443.871,1
Fri Aug 13 08:09:55 2021,0,3533,800,6,3630,0,7,0,0,454.194,1
Fri Aug 13 08:10:56 2021,0,3546,800,6,3630,0,7,0,0,454.194,1
Fri Aug 13 08:11:56 2021,0,3559,800,6,3630,0,7,0,0,443.871,1
Fri Aug 13 08:12:57 2021,0,3572,800,6,3630,0,7,0,0,454.194,1
Fri Aug 13 08:13:57 2021,0,3585,800,6,3630,0,7,0,0,454.194,1
Fri Aug 13 08:14:58 2021,0,3598,800,6,3630,0,7,0,0,454.194,1
Fri Aug 13 08:15:58 2021,0,3611,800,6,3630,0,7,0,0,454.194,1
Fri Aug 13 08:16:59 2021,0,3624,800,6,3630,0,7,0,0,454.194,1
Fri Aug 13 08:18:00 2021,0,3637,800,6,3630,0,7,0,0,454.194,1
Fri Aug 13 08:19:00 2021,0,3650,800,6,3630,0,7,0,0,464.516,1
Fri Aug 13 08:20:01 2021,0,3663,800,6,3630,0,7,0,0,454.194,1
Fri Aug 13 08:21:01 2021,0,3676,800,6,3630,0,7,0,0,454.194,1
Fri Aug 13 08:22:02 2021,0,3689,800,6,3630,0,7,0,0,454.194,1
Fri Aug 13 08:23:02 2021,0,3702,800,6,3630,0,7,0,0,454.194,1
Fri Aug 13 08:24:03 2021,0,3715,800,6,3630,0,7,0,0,454.194,1
Fri Aug 13 08:25:04 2021,0,3728,800,6,3630,0,7,0,0,454.194,1
Fri Aug 13 08:26:04 2021,0,3741,800,6,3630,0,7,0,0,454.194,1
Fri Aug 13 08:27:05 2021,0,3754,800,6,3630,0,7,0,0,464.516,1
Fri Aug 13 08:28:05 2021,0,3767,800,6,3630,0,7,0,0,464.516,1
Fri Aug 13 08:29:06 2021,0,3780,800,6,3630,0,7,0,0,464.516,1
Fri Aug 13 08:30:07 2021,0,3793,800,6,3630,0,7,0,0,454.194,1
Fri Aug 13 08:31:07 2021,0,3806,800,6,3630,0,7,0,0,41.2903,0
Fri Aug 13 08:32:08 2021,0,3806,0,6,3630,0,7,0,0,30.9677,0
Fri Aug 13 08:33:08 2021,0,3806,0,6,3630,0,7,0,0,41.2903,0
Fri Aug 13 08:34:09 2021,0,3806,0,6,3630,0,7,0,0,0,0
Fri Aug 13 08:35:09 2021,0,3806,0,6,3630,0,7,0,0,0,0
Fri Aug 13 08:36:10 2021,0,3806,0,6,3630,0,7,0,0,0,0
Fri Aug 13 08:37:11 2021,0,3806,0,6,3630,0,7,0,0,0,0
Fri Aug 13 08:38:11 2021,0,3806,0,6,3630,0,7,0,0,0,0
Fri Aug 13 08:39:12 2021,0,3806,0,6,3630,0,7,0,0,0,0
Fri Aug 13 08:40:12 2021,0,3806,0,6,3630,0,7,0,0,0,0
Fri Aug 13 08:41:13 2021,0,3806,0,6,3630,0,7,0,0,0,0
Fri Aug 13 08:42:14 2021,0,3806,0,6,3630,0,7,0,0,0,0
Fri Aug 13 08:43:14 2021,0,3806,0,6,3630,0,7,0,0,0,0
Fri Aug 13 08:44:15 2021,0,3806,0,6,3630,0,7,0,0,0,0
Fri Aug 13 08:45:15 2021,0,3806,0,6,3630,0,7,0,0,0,0
Fri Aug 13 08:46:16 2021,0,3806,0,6,3630,0,7,0,0,0,0
Fri Aug 13 08:47:17 2021,0,3806,0,6,3630,0,7,0,0,0,0
Fri Aug 13 08:48:17 2021,0,3806,0,6,3630,0,7,0,0,0,0
Fri Aug 13 08:49:18 2021,0,3806,0,6,3630,0,7,0,0,0,0
Fri Aug 13 08:50:18 2021,0,3806,0,6,3630,0,7,0,0,0,0
Fri Aug 13 08:51:19 2021,0,3806,0,6,3630,0,7,0,0,0,0
Fri Aug 13 08:52:19 2021,0,3806,0,6,3630,0,7,0,0,0,0
Fri Aug 13 08:53:20 2021,0,3806,0,6,3630,0,7,0,0,0,0
Fri Aug 13 08:54:21 2021,0,3806,0,6,3630,0,7,0,0,0,0
Fri Aug 13 08:55:21 2021,0,3806,0,6,3630,0,7,0,0,0,0
Fri Aug 13 08:56:22 2021,0,3806,0,6,3630,0,7,0,0,0,0
Fri Aug 13 08:57:22 2021,0,3806,0,6,3630,0,7,0,0,0,0
Fri Aug 13 08:58:23 2021,0,3806,0,6,3630,0,7,0,0,0,0
Fri Aug 13 08:59:24 2021,0,3806,0,6,3630,0,7,0,0,0,0
Fri Aug 13 09:00:24 2021,0,3806,0,6,3630,0,7,0,0,0,0
Fri Aug 13 09:01:25 2021,0,3806,0,6,3630,0,7,0,0,0,0
Fri Aug 13 09:02:25 2021,0,3806,0,6,3630,0,7,0,0,0,0
Fri Aug 13 09:03:26 2021,0,3806,0,6,3630,0,7,0,0,0,0
Fri Aug 13 09:04:26 2021,0,3806,0,6,3630,0,7,0,0,0,0
Fri Aug 13 09:05:27 2021,0,3806,0,6,3630,0,7,0,0,0,0
Fri Aug 13 09:06:27 2021,0,3806,0,6,3630,0,7,0,0,0,0
Fri Aug 13 09:07:28 2021,0,3806,0,6,3630,0,7,0,0,0,0
Fri Aug 13 09:08:28 2021,0,3806,0,6,3630,0,7,0,0,0,0
Fri Aug 13 09:09:29 2021,0,3806,0,6,3630,0,7,0,0,0,0
Fri Aug 13 09:10:30 2021,0,3806,0,6,3630,0,7,0,0,0,0
Fri Aug 13 09:11:30 2021,0,3806,0,6,3630,0,7,0,0,0,0
Fri Aug 13 09:12:31 2021,0,3806,0,6,3630,0,7,0,0,0,0
Fri Aug 13 09:13:31 2021,0,3806,0,6,3630,0,7,0,0,0,0
Fri Aug 13 09:14:32 2021,0,3806,0,6,3630,0,7,0,0,0,0
Fri Aug 13 09:15:32 2021,0,3806,0,6,3630,0,7,0,0,0,0
Fri Aug 13 09:16:33 2021,0,3806,0,6,3630,0,7,0,0,0,0
Fri Aug 13 09:17:34 2021,0,3806,0,6,3630,0,7,0,0,0,0
Fri Aug 13 09:18:34 2021,0,3806,0,6,3630,0,7,0,0,0,0
Fri Aug 13 09:19:35 2021,0,3806,0,6,3630,0,7,0,0,0,0
Fri Aug 13 09:20:35 2021,0,3806,0,6,3630,0,7,0,0,0,0
Fri Aug 13 09:21:36 2021,0,3806,0,6,3630,0,7,0,0,0,0
Fri Aug 13 09:22:36 2021,0,3806,0,6,3630,0,7,0,0,0,0
Fri Aug 13 09:23:37 2021,0,3806,0,6,3630,0,7,0,0,0,0
Fri Aug 13 09:24:38 2021,0,3806,0,6,3630,0,7,0,0,0,0
Fri Aug 13 09:25:38 2021,0,3806,0,6,3630,0,7,0,0,0,0
Fri Aug 13 09:26:39 2021,0,3806,0,6,3630,0,7,0,0,0,0
Fri Aug 13 09:27:39 2021,0,3806,0,6,3630,0,7,0,0,0,0
Fri Aug 13 09:28:40 2021,0,3806,0,6,3630,0,7,0,0,0,0
Fri Aug 13 09:29:41 2021,0,3806,0,6,3630,0,7,0,0,0,0
Fri Aug 13 09:30:41 2021,0,3806,0,6,3630,0,7,0,0,0,0
Fri Aug 13 09:31:42 2021,0,3806,0,6,3630,0,7,0,0,0,0
Fri Aug 13 09:32:42 2021,0,3806,0,6,3630,0,7,0,0,0,0
Fri Aug 13 09:33:43 2021,0,3806,0,6,3630,0,7,0,0,0,0
Fri Aug 13 09:34:43 2021,0,3806,0,6,3630,0,7,0,0,0,0
Fri Aug 13 09:35:44 2021,0,3806,0,6,3630,0,7,0,0,0,0
Fri Aug 13 09:36:45 2021,0,3806,0,6,3630,0,7,0,0,0,0
Fri Aug 13 09:37:45 2021,0,3806,0,6,3630,0,7,0,0,0,0
Fri Aug 13 09:38:46 2021,0,3806,0,6,3630,0,7,0,0,0,0
Fri Aug 13 09:39:46 2021,0,3806,0,6,3630,0,7,0,0,0,0
Fri Aug 13 09:40:47 2021,0,3806,0,6,3630,0,7,0,0,0,0
Fri Aug 13 09:41:47 2021,0,3806,0,6,3630,0,7,0,0,0,0
Fri Aug 13 09:42:48 2021,0,3806,0,6,3630,0,7,0,0,0,0
Fri Aug 13 09:43:49 2021,0,3806,0,6,3630,0,7,0,0,0,0
Fri Aug 13 09:44:49 2021,0,3806,0,6,3630,0,7,0,0,0,0
Fri Aug 13 09:45:50 2021,0,3806,0,6,3630,0,7,0,0,0,0
Fri Aug 13 09:46:50 2021,0,3806,0,6,3630,0,7,0,0,0,0
Fri Aug 13 09:47:51 2021,0,3806,0,6,3630,0,7,0,0,0,0
Fri Aug 13 09:48:52 2021,0,3806,0,6,3630,0,7,0,0,0,0
Fri Aug 13 09:49:52 2021,0,3806,0,6,3630,0,7,0,0,0,0
Fri Aug 13 09:50:53 2021,0,3806,0,6,3630,0,7,0,0,0,0
Fri Aug 13 09:51:53 2021,0,3806,0,6,3630,0,7,0,0,0,0
Fri Aug 13 09:52:54 2021,0,3806,0,6,3630,0,7,0,0,0,0
Fri Aug 13 09:53:54 2021,0,3806,0,6,3630,0,7,0,0,0,0
Fri Aug 13 09:54:55 2021,0,3806,0,6,3630,0,7,0,0,0,0
Fri Aug 13 09:55:56 2021,0,3806,0,6,3630,0,7,0,0,0,0
Fri Aug 13 09:56:56 2021,0,3806,0,6,3630,0,7,0,0,0,0
Fri Aug 13 09:57:57 2021,0,3806,0,6,3630,0,7,0,0,0,0
Fri Aug 13 09:58:57 2021,0,3806,0,6,3630,0,7,0,0,0,0
Fri Aug 13 09:59:58 2021,0,3806,0,6,3630,0,7,0,0,0,0
Fri Aug 13 10:00:59 2021,0,3806,0,6,3630,0,7,0,0,0,0
Fri Aug 13 10:01:59 2021,0,3806,0,6,3630,0,7,0,0,0,0
Fri Aug 13 10:03:00 2021,0,3806,0,6,3630,0,7,0,0,0,0
Fri Aug 13 10:04:00 2021,0,3806,0,6,3630,0,7,0,0,0,0
Fri Aug 13 10:05:01 2021,0,3806,0,6,3630,0,7,0,0,0,0
Fri Aug 13 10:06:01 2021,0,3806,0,6,3630,0,7,0,0,0,0
Fri Aug 13 10:07:02 2021,0,3806,0,6,3630,0,7,0,0,0,0
Fri Aug 13 10:08:03 2021,0,3806,0,6,3630,0,7,0,0,0,0
Fri Aug 13 10:09:03 2021,0,3806,0,6,3630,0,7,0,0,0,0
Fri Aug 13 10:10:04 2021,0,3806,0,6,3630,0,7,0,0,0,0
Fri Aug 13 10:11:05 2021,0,3806,0,6,3630,0,7,0,0,0,0
Fri Aug 13 10:12:05 2021,0,3806,0,6,3630,0,7,0,0,0,0
Fri Aug 13 10:13:06 2021,0,3806,0,6,3630,0,7,0,0,0,0
Fri Aug 13 10:14:07 2021,0,3806,0,6,3630,0,7,0,0,0,0
Fri Aug 13 10:15:07 2021,0,3806,0,6,3630,0,7,0,0,0,0
Fri Aug 13 10:16:08 2021,0,3806,0,6,3630,0,7,0,0,0,0
Fri Aug 13 10:17:08 2021,0,3806,0,6,3630,0,7,0,0,0,0
Fri Aug 13 10:18:09 2021,0,3806,0,6,3630,0,7,0,0,0,0
Fri Aug 13 10:19:09 2021,0,3806,0,6,3630,0,7,0,0,0,0
Fri Aug 13 10:20:10 2021,0,3806,0,6,3630,0,7,0,0,0,0
Fri Aug 13 10:21:11 2021,0,3806,0,6,3630,0,7,0,0,0,0
Fri Aug 13 10:22:11 2021,0,3806,0,6,3630,0,7,0,0,0,0
Fri Aug 13 10:23:12 2021,0,3806,0,6,3630,0,7,0,0,0,0
Fri Aug 13 10:24:12 2021,0,3806,0,6,3630,0,7,0,0,0,0
Fri Aug 13 10:25:13 2021,0,3806,0,6,3630,0,7,0,0,0,0
Fri Aug 13 10:26:13 2021,0,3806,0,6,3630,0,7,0,0,0,0
Fri Aug 13 10:27:14 2021,0,3806,0,6,3630,0,7,0,0,0,0
Fri Aug 13 10:28:14 2021,0,3806,0,6,3630,0,7,0,0,0,0
Fri Aug 13 10:29:15 2021,0,3806,0,6,3630,0,7,0,0,0,0
Fri Aug 13 10:30:16 2021,0,3806,0,6,3630,0,7,0,0,0,0
Fri Aug 13 10:31:16 2021,0,3806,0,6,3630,0,7,0,0,0,0
Fri Aug 13 10:32:17 2021,0,3806,0,6,3630,0,7,0,0,10.3226,0
Fri Aug 13 10:33:17 2021,0,3806,0,6,3630,0,7,0,0,0,0
Fri Aug 13 10:34:18 2021,0,3806,0,6,3630,0,7,0,0,0,0
Fri Aug 13 10:35:19 2021,0,3806,0,6,3630,0,7,0,0,0,0
Fri Aug 13 10:36:19 2021,0,3806,0,6,3630,0,7,0,0,0,0
Fri Aug 13 10:37:20 2021,0,3806,0,6,3630,0,7,0,0,0,0
Fri Aug 13 10:38:20 2021,0,3806,0,6,3630,0,7,0,0,0,0
Fri Aug 13 10:39:21 2021,0,3806,0,6,3630,0,7,0,0,0,0
Fri Aug 13 10:40:21 2021,0,3806,0,6,3630,0,7,0,0,0,0
Fri Aug 13 10:41:22 2021,0,3806,0,6,3630,0,7,0,0,0,0
Fri Aug 13 10:42:23 2021,0,3806,0,6,3630,0,7,0,0,0,0
Fri Aug 13 10:43:23 2021,0,3806,0,6,3630,0,7,0,0,0,0
Fri Aug 13 10:44:24 2021,0,3806,0,6,3630,0,7,0,0,0,0
Fri Aug 13 10:45:24 2021,0,3806,0,6,3630,0,7,0,0,0,0
Fri Aug 13 10:46:25 2021,0,3806,0,6,3630,0,7,0,0,0,0
Fri Aug 13 10:47:26 2021,0,3806,0,6,3630,0,7,0,0,0,0
Fri Aug 13 10:48:26 2021,0,3806,0,6,3630,0,7,0,0,0,0
Fri Aug 13 10:49:27 2021,0,3806,0,6,3630,0,7,0,0,0,0
Fri Aug 13 10:50:27 2021,0,3806,0,6,3630,0,7,0,0,0,0
Fri Aug 13 10:51:28 2021,0,3806,0,6,3630,0,7,0,0,0,0
Fri Aug 13 10:52:28 2021,0,3806,0,6,3630,0,7,0,0,0,0
Fri Aug 13 10:53:29 2021,0,3806,0,6,3630,0,7,0,0,0,0
Fri Aug 13 10:54:29 2021,0,3806,0,6,3630,0,7,0,0,0,0
Fri Aug 13 10:55:30 2021,0,3806,0,6,3630,0,7,0,0,0,0
Fri Aug 13 10:56:31 2021,0,3806,0,6,3630,0,7,0,0,0,0
Fri Aug 13 10:57:31 2021,0,3806,0,6,3630,0,7,0,0,0,0
Fri Aug 13 10:58:32 2021,0,3806,0,6,3630,0,7,0,0,0,0
Fri Aug 13 10:59:32 2021,0,3806,0,6,3630,0,7,0,0,0,0
Fri Aug 13 11:00:33 2021,0,3806,0,6,3630,0,7,0,0,0,0
Fri Aug 13 11:01:33 2021,0,3806,0,6,3630,0,7,0,0,0,0
Fri Aug 13 11:02:34 2021,0,3806,0,6,3630,0,7,0,0,0,0
Fri Aug 13 11:03:34 2021,0,3806,0,6,3630,0,7,0,0,0,0
Fri Aug 13 11:04:35 2021,0,3806,0,6,3630,0,7,0,0,0,0
Fri Aug 13 11:05:35 2021,0,3806,0,6,3630,0,7,0,0,0,0
Fri Aug 13 11:06:36 2021,0,3806,0,6,3630,0,7,0,0,0,0
Fri Aug 13 11:07:37 2021,0,3806,0,6,3630,0,7,0,0,0,0
Fri Aug 13 11:08:37 2021,0,3806,0,6,3630,0,7,0,0,0,0
Fri Aug 13 11:09:38 2021,0,3806,0,6,3630,0,7,0,0,0,0
Fri Aug 13 11:10:38 2021,0,3806,0,6,3630,0,7,0,0,0,0
Fri Aug 13 11:11:39 2021,0,3806,0,6,3630,0,7,0,0,0,0
Fri Aug 13 11:12:39 2021,0,3806,0,6,3630,0,7,0,0,0,0
Fri Aug 13 11:13:40 2021,0,3806,0,6,3630,0,7,0,0,0,0
Fri Aug 13 11:14:40 2021,0,3806,0,6,3630,0,7,0,0,0,0
Fri Aug 13 11:15:41 2021,0,3806,0,6,3630,0,7,0,0,0,0
Fri Aug 13 11:16:41 2021,0,3806,0,6,3630,0,7,0,0,0,0
Fri Aug 13 11:17:42 2021,0,3806,0,6,3630,0,7,0,0,0,0
Fri Aug 13 11:18:42 2021,0,3806,0,6,3630,0,7,0,0,0,0
Fri Aug 13 11:19:43 2021,0,3806,0,6,3630,0,7,0,0,0,0
Fri Aug 13 11:20:43 2021,0,3806,0,6,3630,0,7,0,0,0,0
Fri Aug 13 11:21:44 2021,0,3806,0,6,3630,0,7,0,0,0,0
Fri Aug 13 11:22:44 2021,0,3806,0,6,3630,0,7,0,0,0,0
Fri Aug 13 11:23:45 2021,0,3806,0,6,3630,0,7,0,0,0,0
Fri Aug 13 11:24:46 2021,0,3806,0,6,3630,0,7,0,0,0,0
Fri Aug 13 11:25:46 2021,0,3806,0,6,3630,0,7,0,0,0,0
Fri Aug 13 11:26:47 2021,0,3806,0,6,3630,0,7,0,0,0,0
Fri Aug 13 11:27:47 2021,0,3806,0,6,3630,0,7,0,0,0,0
Fri Aug 13 11:28:48 2021,0,3806,0,6,3630,0,7,0,0,0,0
Fri Aug 13 11:29:49 2021,0,3806,0,6,3630,0,7,0,0,0,0
Fri Aug 13 11:30:49 2021,0,3806,0,6,3630,0,7,0,0,0,0
Fri Aug 13 11:31:50 2021,0,3806,0,6,3630,0,7,0,0,0,0
Fri Aug 13 11:32:50 2021,0,3806,0,6,3630,0,7,0,0,0,0
Fri Aug 13 11:33:51 2021,0,3806,0,6,3630,0,7,0,0,0,0
Fri Aug 13 11:34:51 2021,0,3806,0,6,3630,0,7,0,0,0,0
Fri Aug 13 11:35:52 2021,0,3806,0,6,3630,0,7,0,0,0,0
Fri Aug 13 11:36:53 2021,0,3806,0,6,3630,0,7,0,0,0,0
Fri Aug 13 11:37:53 2021,0,3806,0,6,3630,0,7,0,0,0,0
Fri Aug 13 11:38:54 2021,0,3806,0,6,3630,0,7,0,0,0,0
Fri Aug 13 11:39:54 2021,0,3806,0,6,3630,0,7,0,0,0,0
Fri Aug 13 11:40:55 2021,0,3806,0,6,3630,0,7,0,0,0,0
Fri Aug 13 11:41:55 2021,0,3806,0,6,3630,0,7,0,0,0,0
Fri Aug 13 11:42:56 2021,0,3806,0,6,3630,0,7,0,0,0,0
Fri Aug 13 11:43:57 2021,0,3806,0,6,3630,0,7,0,0,0,0
Fri Aug 13 11:44:57 2021,0,3806,0,6,3630,0,7,0,0,0,0
Fri Aug 13 11:45:58 2021,0,3806,0,6,3630,0,7,0,0,0,0
Fri Aug 13 11:46:58 2021,0,3806,0,6,3630,0,7,0,0,0,0
Fri Aug 13 11:47:59 2021,0,3806,0,6,3630,0,7,0,0,0,0
Fri Aug 13 11:49:00 2021,0,3806,0,6,3630,0,7,0,0,0,0
Fri Aug 13 11:50:00 2021,0,3806,0,6,3630,0,7,0,0,0,0
Fri Aug 13 11:51:01 2021,0,3806,0,6,3630,0,7,0,0,0,0
Fri Aug 13 11:52:01 2021,0,3806,0,6,3630,0,7,0,0,0,0
Fri Aug 13 11:53:02 2021,0,3806,0,6,3630,0,7,0,0,0,0
Fri Aug 13 11:54:02 2021,0,3806,0,6,3630,0,7,0,0,0,0
Fri Aug 13 11:55:03 2021,0,3806,0,6,3630,0,7,0,0,0,0
Fri Aug 13 11:56:03 2021,0,3806,0,6,3630,0,7,0,0,0,0
Fri Aug 13 11:57:04 2021,0,3806,0,6,3630,0,7,0,0,0,0
Fri Aug 13 11:58:04 2021,0,3806,0,6,3630,0,7,0,0,0,0
Fri Aug 13 11:59:05 2021,0,3806,0,6,3630,0,7,0,0,0,0
Fri Aug 13 12:00:05 2021,0,3806,0,6,3630,0,7,0,0,0,0
Fri Aug 13 12:01:06 2021,0,3806,0,6,3630,0,7,0,0,0,0
Fri Aug 13 12:02:07 2021,0,3806,0,6,3630,0,7,0,0,0,0
Fri Aug 13 12:03:07 2021,0,3806,0,6,3630,0,7,0,0,0,0
Fri Aug 13 12:04:08 2021,0,3806,0,6,3630,0,7,0,0,0,0
Fri Aug 13 12:05:08 2021,0,3806,0,6,3630,0,7,0,0,0,0
Fri Aug 13 12:06:09 2021,0,3806,0,6,3630,0,7,0,0,0,0
Fri Aug 13 12:07:09 2021,0,3806,0,6,3630,0,7,0,0,0,0
Fri Aug 13 12:08:10 2021,0,3806,0,6,3630,0,7,0,0,0,0
Fri Aug 13 12:09:11 2021,0,3806,0,6,3630,0,7,0,0,0,0
Fri Aug 13 12:10:11 2021,0,3806,0,6,3630,0,7,0,0,0,0
Fri Aug 13 12:11:12 2021,0,3806,0,6,3630,0,7,0,0,0,0
Fri Aug 13 12:12:12 2021,0,3806,0,6,3630,0,7,0,0,0,0
Fri Aug 13 12:13:13 2021,0,3806,0,6,3630,0,7,0,0,0,0
Fri Aug 13 12:14:13 2021,0,3806,0,6,3630,0,7,0,0,0,0
Fri Aug 13 12:15:14 2021,0,3806,0,6,3630,0,7,0,0,0,0
Fri Aug 13 12:16:14 2021,0,3806,0,6,3630,0,7,0,0,0,0
Fri Aug 13 12:17:15 2021,0,3806,0,6,3630,0,7,0,0,0,0
Fri Aug 13 12:18:15 2021,0,3806,0,6,3630,0,7,0,0,0,0
Fri Aug 13 12:19:16 2021,0,3806,0,6,3630,0,7,0,0,0,0
Fri Aug 13 12:20:17 2021,0,3806,0,6,3630,0,7,0,0,0,0
Fri Aug 13 12:21:17 2021,0,3806,0,6,3630,0,7,0,0,0,0
Fri Aug 13 12:22:18 2021,0,3806,0,6,3630,0,7,0,0,0,0
Fri Aug 13 12:23:18 2021,0,3806,0,6,3630,0,7,0,0,0,0
Fri Aug 13 12:24:19 2021,0,3806,0,6,3630,0,7,0,0,0,0
Fri Aug 13 12:25:19 2021,0,3806,0,6,3630,0,7,0,0,0,0
Fri Aug 13 12:26:20 2021,0,3806,0,6,3630,0,7,0,0,0,0
Fri Aug 13 12:27:20 2021,0,3806,0,6,3630,0,7,0,0,0,0
Fri Aug 13 12:28:21 2021,0,3806,0,6,3630,0,7,0,0,0,0
Fri Aug 13 12:29:21 2021,0,3806,0,6,3630,0,7,0,0,0,0
Fri Aug 13 12:30:22 2021,0,3806,0,6,3630,0,7,0,0,0,0
Fri Aug 13 12:31:23 2021,0,3806,0,6,3630,0,7,0,0,0,0
Fri Aug 13 12:32:23 2021,0,3806,0,6,3630,0,7,0,0,0,0
Fri Aug 13 12:33:24 2021,0,3806,0,6,3630,0,7,0,0,0,0
Fri Aug 13 12:34:25 2021,0,3806,0,6,3630,0,7,0,0,0,0
Fri Aug 13 12:35:25 2021,0,3806,0,6,3630,0,7,0,0,0,0
Fri Aug 13 12:36:26 2021,0,3806,0,6,3630,0,7,0,0,0,0
Fri Aug 13 12:37:26 2021,0,3806,0,6,3630,0,7,0,0,0,0
Fri Aug 13 12:38:27 2021,0,3806,0,6,3630,0,7,0,0,0,0
Fri Aug 13 12:39:28 2021,0,3806,0,6,3630,0,7,0,0,0,0
Fri Aug 13 12:40:28 2021,0,3806,0,6,3630,0,7,0,0,0,0
Fri Aug 13 12:41:29 2021,0,3806,0,6,3630,0,7,0,0,0,0
Fri Aug 13 12:42:29 2021,0,3806,0,6,3630,0,7,0,0,0,0
Fri Aug 13 12:43:30 2021,0,3806,0,6,3630,0,7,0,0,0,0
Fri Aug 13 12:44:30 2021,0,3806,0,6,3630,0,7,0,0,0,0
Fri Aug 13 12:45:31 2021,0,3806,0,6,3630,0,7,0,0,0,0
Fri Aug 13 12:46:32 2021,0,3806,0,6,3630,0,7,0,0,0,0
Fri Aug 13 12:47:32 2021,0,3806,0,6,3630,0,7,0,0,0,0
Fri Aug 13 12:48:33 2021,0,3806,0,6,3630,0,7,0,0,0,0
Fri Aug 13 12:49:33 2021,0,3806,0,6,3630,0,7,0,0,0,0
Fri Aug 13 12:50:34 2021,0,3806,0,6,3630,0,7,0,0,0,0
Fri Aug 13 12:51:35 2021,0,3806,0,6,3630,0,7,0,0,0,0
Fri Aug 13 12:52:35 2021,0,3806,0,6,3630,0,7,0,0,0,0
Fri Aug 13 12:53:36 2021,0,3806,0,6,3630,0,7,0,0,0,0
Fri Aug 13 12:54:36 2021,0,3806,0,6,3630,0,7,0,0,0,0
Fri Aug 13 12:55:37 2021,0,3806,0,6,3630,0,7,0,0,0,0
Fri Aug 13 12:56:37 2021,0,3806,0,6,3630,0,7,0,0,0,0
Fri Aug 13 12:57:38 2021,0,3806,0,6,3630,0,7,0,0,0,0
Fri Aug 13 12:58:39 2021,0,3806,0,6,3630,0,7,0,0,0,0
Fri Aug 13 12:59:39 2021,0,3806,0,6,3630,0,7,0,0,0,0
Fri Aug 13 13:00:40 2021,0,3806,0,6,3630,0,7,0,0,0,0
Fri Aug 13 13:01:40 2021,0,3806,0,6,3630,0,7,0,0,0,0
Fri Aug 13 13:02:41 2021,0,3806,0,6,3630,0,7,0,0,0,0
Fri Aug 13 13:03:41 2021,0,3806,0,6,3630,0,7,0,0,0,0
Fri Aug 13 13:04:42 2021,0,3806,0,6,3630,0,7,0,0,0,0
Fri Aug 13 13:05:43 2021,0,3806,0,6,3630,0,7,0,0,0,0
Fri Aug 13 13:06:43 2021,0,3806,0,6,3630,0,7,0,0,0,0
Fri Aug 13 13:07:44 2021,0,3806,0,6,3630,0,7,0,0,0,0
Fri Aug 13 13:08:44 2021,0,3806,0,6,3630,0,7,0,0,0,0
Fri Aug 13 13:09:45 2021,0,3806,0,6,3630,0,7,0,0,0,0
Fri Aug 13 13:10:46 2021,0,3806,0,6,3630,0,7,0,0,0,0
Fri Aug 13 13:11:46 2021,0,3806,0,6,3630,0,7,0,0,0,0
Fri Aug 13 13:12:47 2021,0,3806,0,6,3630,0,7,0,0,0,0
Fri Aug 13 13:13:47 2021,0,3806,0,6,3630,0,7,0,0,0,0
Fri Aug 13 13:14:48 2021,0,3806,0,6,3630,0,7,0,0,0,0
Fri Aug 13 13:15:48 2021,0,3806,0,6,3630,0,7,0,0,0,0
Fri Aug 13 13:16:49 2021,0,3806,0,6,3630,0,7,0,0,0,0
Fri Aug 13 13:17:49 2021,0,3806,0,6,3630,0,7,0,0,0,0
Fri Aug 13 13:18:50 2021,0,3806,0,6,3630,0,7,0,0,0,0
Fri Aug 13 13:19:51 2021,0,3806,0,6,3630,0,7,0,0,0,0
Fri Aug 13 13:20:51 2021,0,3806,0,6,3630,0,7,0,0,0,0
Fri Aug 13 13:21:52 2021,0,3806,0,6,3630,0,7,0,0,0,0
Fri Aug 13 13:22:52 2021,0,3806,0,6,3630,0,7,0,0,0,0
Fri Aug 13 13:23:53 2021,0,3806,0,6,3630,0,7,0,0,0,0
Fri Aug 13 13:24:53 2021,0,3806,0,6,3630,0,7,0,0,0,0
Fri Aug 13 13:25:54 2021,0,3806,0,6,3630,0,7,0,0,0,0
Fri Aug 13 13:26:55 2021,0,3806,0,6,3630,0,7,0,0,0,0
Fri Aug 13 13:27:55 2021,0,3806,0,6,3630,0,7,0,0,0,0
Fri Aug 13 13:28:56 2021,0,3806,0,6,3630,0,7,0,0,0,0
Fri Aug 13 13:29:56 2021,0,3806,0,6,3630,0,7,0,0,0,0
Fri Aug 13 13:30:57 2021,0,3806,0,6,3630,0,7,0,0,0,0
Fri Aug 13 13:31:57 2021,0,3806,0,6,3630,0,7,0,0,0,0
Fri Aug 13 13:32:58 2021,0,3806,0,6,3630,0,7,0,0,0,0
Fri Aug 13 13:33:59 2021,0,3806,0,6,3630,0,7,0,0,0,0
Fri Aug 13 13:34:59 2021,0,3806,0,6,3630,0,7,0,0,0,0
Fri Aug 13 13:36:00 2021,0,3806,0,6,3630,0,7,0,0,0,0
Fri Aug 13 13:37:00 2021,0,3806,0,6,3630,0,7,0,0,0,0
Fri Aug 13 13:38:01 2021,0,3806,0,6,3630,0,7,0,0,0,0
Fri Aug 13 13:39:02 2021,0,3806,0,6,3630,0,7,0,0,0,0
Fri Aug 13 13:40:02 2021,0,3806,0,6,3630,0,7,0,0,0,0
Fri Aug 13 13:41:03 2021,0,3806,0,6,3630,0,7,0,0,0,0
Fri Aug 13 13:42:03 2021,0,3806,0,6,3630,0,7,0,0,0,0
Fri Aug 13 13:43:04 2021,0,3806,0,6,3630,0,7,0,0,0,0
Fri Aug 13 13:44:04 2021,0,3806,0,6,3630,0,7,0,0,0,0
Fri Aug 13 13:45:05 2021,0,3806,0,6,3630,0,7,0,0,0,0
Fri Aug 13 13:46:05 2021,0,3806,0,6,3630,0,7,0,0,0,0
Fri Aug 13 13:47:06 2021,0,3806,0,6,3630,0,7,0,0,0,0
Fri Aug 13 13:48:07 2021,0,3806,0,6,3630,0,7,0,0,0,0
Fri Aug 13 13:49:07 2021,0,3806,0,6,3630,0,7,0,0,0,0
Fri Aug 13 13:50:08 2021,0,3806,0,6,3630,0,7,0,0,0,0
Fri Aug 13 13:51:08 2021,0,3806,0,6,3630,0,7,0,0,0,0
Fri Aug 13 13:52:09 2021,0,3806,0,6,3630,0,7,0,0,0,0
Fri Aug 13 13:53:10 2021,0,3806,0,6,3630,0,7,0,0,0,0
Fri Aug 13 13:54:10 2021,0,3806,0,6,3630,0,7,0,0,0,0
Fri Aug 13 13:55:11 2021,0,3806,0,6,3630,0,7,0,0,0,0
Fri Aug 13 13:56:11 2021,0,3806,0,6,3630,0,7,0,0,0,0
Fri Aug 13 13:57:12 2021,0,3806,0,6,3630,0,7,0,0,0,0
Fri Aug 13 13:58:12 2021,0,3806,0,6,3630,0,7,0,0,0,0
Fri Aug 13 13:59:13 2021,0,3806,0,6,3630,0,7,0,0,0,0
Fri Aug 13 14:00:13 2021,0,3806,0,6,3630,0,7,0,0,0,0
Fri Aug 13 14:01:14 2021,0,3806,0,6,3630,0,7,0,0,0,0
Fri Aug 13 14:02:15 2021,0,3806,0,6,3630,0,7,0,0,0,0
Fri Aug 13 14:03:15 2021,0,3806,0,6,3630,0,7,0,0,0,0
Fri Aug 13 14:04:16 2021,0,3806,0,6,3630,0,7,0,0,0,0
Fri Aug 13 14:05:16 2021,0,3806,0,6,3630,0,7,0,0,0,0
Fri Aug 13 14:06:17 2021,0,3806,0,6,3630,0,7,0,0,0,0
Fri Aug 13 14:07:17 2021,0,3806,0,6,3630,0,7,0,0,0,0
Fri Aug 13 14:08:18 2021,0,3806,0,6,3630,0,7,0,0,0,0
Fri Aug 13 14:09:18 2021,0,3806,0,6,3630,0,7,0,0,0,0
Fri Aug 13 14:10:19 2021,0,3806,0,6,3630,0,7,0,0,0,0
Fri Aug 13 14:11:20 2021,0,3806,0,6,3630,0,7,0,0,0,0
Fri Aug 13 14:12:20 2021,0,3806,0,6,3630,0,7,0,0,0,0
Fri Aug 13 14:13:21 2021,0,3806,0,6,3630,0,7,0,0,0,0
Fri Aug 13 14:14:21 2021,0,3806,0,6,3630,0,7,0,0,0,0
Fri Aug 13 14:15:22 2021,0,3806,0,6,3630,0,7,0,0,0,0
Fri Aug 13 14:16:22 2021,0,3806,0,6,3630,0,7,0,0,0,0
Fri Aug 13 14:17:23 2021,0,3806,0,6,3630,0,7,0,0,0,0
Fri Aug 13 14:18:24 2021,0,3806,0,6,3630,0,7,0,0,0,0
Fri Aug 13 14:19:24 2021,0,3806,0,6,3630,0,7,0,0,0,0
Fri Aug 13 14:20:25 2021,0,3806,0,6,3630,0,7,0,0,0,0
Fri Aug 13 14:21:25 2021,0,3806,0,6,3630,0,7,0,0,0,0
Fri Aug 13 14:22:26 2021,0,3806,0,6,3630,0,7,0,0,0,0
Fri Aug 13 14:23:26 2021,0,3806,0,6,3630,0,7,0,0,0,0
Fri Aug 13 14:24:27 2021,0,3806,0,6,3630,0,7,0,0,0,0
Fri Aug 13 14:25:28 2021,0,3806,0,6,3630,0,7,0,0,0,0
Fri Aug 13 14:26:28 2021,0,3806,0,6,3630,0,7,0,0,0,0
Fri Aug 13 14:27:29 2021,0,3806,0,6,3630,0,7,0,0,0,0
Fri Aug 13 14:28:29 2021,0,3806,0,6,3630,0,7,0,0,0,0
Fri Aug 13 14:29:30 2021,0,3806,0,6,3630,0,7,0,0,0,0
Fri Aug 13 14:30:31 2021,0,3806,0,6,3630,0,7,0,0,0,0
Fri Aug 13 14:31:31 2021,0,3806,0,6,3630,0,7,0,0,0,0
Fri Aug 13 14:32:32 2021,0,3806,0,6,3630,0,7,0,0,0,0
Fri Aug 13 14:33:32 2021,0,3806,0,6,3630,0,7,0,0,0,0
Fri Aug 13 14:34:33 2021,0,3806,0,6,3630,0,7,0,0,0,0
Fri Aug 13 14:35:33 2021,0,3806,0,6,3630,0,7,0,0,0,0
Fri Aug 13 14:36:34 2021,0,3806,0,6,3630,0,7,0,0,0,0
Fri Aug 13 14:37:35 2021,0,3806,0,6,3630,0,7,0,0,0,0
Fri Aug 13 14:38:35 2021,0,3806,0,6,3630,0,7,0,0,0,0
Fri Aug 13 14:39:36 2021,0,3806,0,6,3630,0,7,0,0,0,0
Fri Aug 13 14:40:36 2021,0,3806,0,6,3630,0,7,0,0,0,0
Fri Aug 13 14:41:37 2021,0,3806,0,6,3630,0,7,0,0,0,0
Fri Aug 13 14:42:37 2021,0,3806,0,6,3630,0,7,0,0,0,0
Fri Aug 13 14:43:38 2021,0,3806,0,6,3630,0,7,0,0,0,0
Fri Aug 13 14:44:38 2021,0,3806,0,6,3630,0,7,0,0,0,0
Fri Aug 13 14:45:39 2021,0,3806,0,6,3630,0,7,0,0,0,0
Fri Aug 13 14:46:40 2021,0,3806,0,6,3630,0,7,0,0,0,0
Fri Aug 13 14:47:40 2021,0,3806,0,6,3630,0,7,0,0,0,0
Fri Aug 13 14:48:41 2021,0,3806,0,6,3630,0,7,0,0,0,0
Fri Aug 13 14:49:41 2021,0,3806,0,6,3630,0,7,0,0,0,0
Fri Aug 13 14:50:42 2021,0,3806,0,6,3630,0,7,0,0,0,0
Fri Aug 13 14:51:43 2021,0,3806,0,6,3630,0,7,0,0,0,0
Fri Aug 13 14:52:43 2021,0,3806,0,6,3630,0,7,0,0,0,0
Fri Aug 13 14:53:44 2021,0,3806,0,6,3630,0,7,0,0,0,0
Fri Aug 13 14:54:44 2021,0,3806,0,6,3630,0,7,0,0,0,0
Fri Aug 13 14:55:45 2021,0,3806,0,6,3630,0,7,0,0,0,0
Fri Aug 13 14:56:46 2021,0,3806,0,6,3630,0,7,0,0,0,0
Fri Aug 13 14:57:46 2021,0,3806,0,6,3630,0,7,0,0,0,0
Fri Aug 13 14:58:47 2021,0,3806,0,6,3630,0,7,0,0,0,0
Fri Aug 13 14:59:47 2021,0,3806,0,6,3630,0,7,0,0,0,0
Fri Aug 13 15:00:48 2021,0,3806,0,6,3630,0,7,0,0,0,0
Fri Aug 13 15:01:48 2021,0,3806,0,6,3630,0,7,0,0,0,0
Fri Aug 13 15:02:49 2021,0,3806,0,6,3630,0,7,0,0,0,0
Fri Aug 13 15:03:50 2021,0,3806,0,6,3630,0,7,0,0,0,0
Fri Aug 13 15:04:50 2021,0,3806,0,6,3630,0,7,0,0,0,0
Fri Aug 13 15:05:51 2021,0,3806,0,6,3630,0,7,0,0,0,0
Fri Aug 13 15:06:51 2021,0,3806,0,6,3630,0,7,0,0,0,0
Fri Aug 13 15:07:52 2021,0,3806,0,6,3630,0,7,0,0,0,0
Fri Aug 13 15:08:53 2021,0,3806,0,6,3630,0,7,0,0,0,0
Fri Aug 13 15:09:53 2021,0,3806,0,6,3630,0,7,0,0,0,0
Fri Aug 13 15:10:54 2021,0,3806,0,6,3630,0,7,0,0,0,0
Fri Aug 13 15:11:54 2021,0,3806,0,6,3630,0,7,0,0,0,0
Fri Aug 13 15:12:55 2021,0,3806,0,6,3630,0,7,0,0,0,0
Fri Aug 13 15:13:55 2021,0,3806,0,6,3630,0,7,0,0,0,0
Fri Aug 13 15:14:56 2021,0,3806,0,6,3630,0,7,0,0,0,0
Fri Aug 13 15:15:57 2021,0,3806,0,6,3630,0,7,0,0,0,0
Fri Aug 13 15:16:57 2021,0,3806,0,6,3630,0,7,0,0,0,0
Fri Aug 13 15:17:58 2021,0,3806,0,6,3630,0,7,0,0,0,0
Fri Aug 13 15:18:58 2021,0,3806,0,6,3630,0,7,0,0,0,0
Fri Aug 13 15:19:59 2021,0,3806,0,6,3630,0,7,0,0,0,0
Fri Aug 13 15:20:59 2021,0,3806,0,6,3630,0,7,0,0,0,0
Fri Aug 13 15:22:00 2021,0,3806,0,6,3630,0,7,0,0,0,0
Fri Aug 13 15:23:00 2021,0,3806,0,6,3630,0,7,0,0,0,0
Fri Aug 13 15:24:01 2021,0,3806,0,6,3630,0,7,0,0,0,0
Fri Aug 13 15:25:01 2021,0,3806,0,6,3630,0,7,0,0,0,0
Fri Aug 13 15:26:02 2021,0,3806,0,6,3630,0,7,0,0,0,0
Fri Aug 13 15:27:03 2021,0,3806,0,6,3630,0,7,0,0,0,0
Fri Aug 13 15:28:03 2021,0,3806,0,6,3630,0,7,0,0,0,0
Fri Aug 13 15:29:04 2021,0,3806,0,6,3630,0,7,0,0,0,0
Fri Aug 13 15:30:04 2021,0,3806,0,6,3630,0,7,0,0,0,0
Fri Aug 13 15:31:05 2021,0,3806,0,6,3630,0,7,0,0,0,0
Fri Aug 13 15:32:05 2021,0,3806,0,6,3630,0,7,0,0,0,0
Fri Aug 13 15:33:06 2021,0,3806,0,6,3630,0,7,0,0,0,0
Fri Aug 13 15:34:07 2021,0,3806,0,6,3630,0,7,0,0,0,0
Fri Aug 13 15:35:07 2021,0,3806,0,6,3630,0,7,0,0,0,0
Fri Aug 13 15:36:08 2021,0,3806,0,6,3630,0,7,0,0,0,0
Fri Aug 13 15:37:08 2021,0,3806,0,6,3630,0,7,0,0,0,0
Fri Aug 13 15:38:09 2021,0,3806,0,6,3630,0,7,0,0,0,0
Fri Aug 13 15:39:10 2021,0,3806,0,6,3630,0,7,0,0,0,0
Fri Aug 13 15:40:10 2021,0,3806,0,6,3630,0,7,0,0,0,0
Fri Aug 13 15:41:11 2021,0,3806,0,6,3630,0,7,0,0,0,0
Fri Aug 13 15:42:11 2021,0,3806,0,6,3630,0,7,0,0,0,0
Fri Aug 13 15:43:12 2021,0,3806,0,6,3630,0,7,0,0,0,0
Fri Aug 13 15:44:13 2021,0,3806,0,6,3630,0,7,0,0,0,0
Fri Aug 13 15:45:13 2021,0,3806,0,6,3630,0,7,0,0,0,0
Fri Aug 13 15:46:14 2021,0,3806,0,6,3630,0,7,0,0,0,0
Fri Aug 13 15:47:14 2021,0,3806,0,6,3630,0,7,0,0,0,0
Fri Aug 13 15:48:15 2021,0,3806,0,6,3630,0,7,0,0,0,0
Fri Aug 13 15:49:15 2021,0,3806,0,6,3630,0,7,0,0,0,0
Fri Aug 13 15:50:16 2021,0,3806,0,6,3630,0,7,0,0,0,0
Fri Aug 13 15:51:17 2021,0,3806,0,6,3630,0,7,0,0,0,0
Fri Aug 13 15:52:17 2021,0,3806,0,6,3630,0,7,0,0,0,0
Fri Aug 13 15:53:18 2021,0,3806,0,6,3630,0,7,0,0,0,0
Fri Aug 13 15:54:18 2021,0,3806,0,6,3630,0,7,0,0,0,0
Fri Aug 13 15:55:19 2021,0,3806,0,6,3630,0,7,150,0,0,0
Fri Aug 13 15:56:19 2021,0,3806,0,6,3630,0,7,0,0,0,0
Fri Aug 13 15:57:20 2021,0,3806,0,6,3630,0,7,0,0,0,0
Fri Aug 13 15:58:21 2021,0,3806,0,6,3630,0,7,0,0,0,0
Fri Aug 13 15:59:21 2021,0,3806,0,6,3630,0,7,150,0,0,0
Fri Aug 13 16:00:22 2021,0,3806,0,6,3630,0,7,0,0,0,0
Fri Aug 13 16:01:22 2021,0,3806,0,6,3630,0,7,0,0,0,0
Fri Aug 13 16:02:23 2021,0,3806,0,6,3630,0,7,150,0,0,0
Fri Aug 13 16:03:24 2021,0,3806,0,6,3630,0,7,150,0,0,0
Fri Aug 13 16:04:24 2021,0,3806,0,6,3630,0,7,0,0,0,0
Fri Aug 13 16:05:25 2021,0,3806,0,6,3630,0,7,150,0,0,0
Fri Aug 13 16:06:25 2021,0,3806,0,6,3630,0,7,150,0,0,0
Fri Aug 13 16:07:26 2021,0,3806,0,6,3630,0,7,0,0,0,0
Fri Aug 13 16:08:26 2021,0,3806,0,6,3630,0,7,0,0,0,0
Fri Aug 13 16:09:27 2021,0,3806,0,6,3630,0,7,150,0,0,0
Fri Aug 13 16:10:27 2021,0,3806,0,6,3630,0,7,150,0,0,0
Fri Aug 13 16:11:28 2021,0,3806,0,6,3630,0,7,150,0,0,0
Fri Aug 13 16:12:29 2021,0,3806,0,6,3630,0,7,150,0,0,0
Fri Aug 13 16:13:29 2021,0,3806,0,6,3630,0,7,150,0,0,0
Fri Aug 13 16:14:30 2021,0,3806,0,6,3630,0,7,150,0,0,0
Fri Aug 13 16:15:30 2021,0,3806,0,6,3630,0,7,150,0,0,0
Fri Aug 13 16:16:31 2021,0,3806,0,6,3630,0,7,150,0,0,0
Fri Aug 13 16:17:31 2021,0,3806,0,6,3630,0,7,150,0,0,0
Fri Aug 13 16:18:32 2021,0,3806,0,6,3630,0,7,150,0,0,0
Fri Aug 13 16:19:33 2021,0,3806,0,6,3630,0,7,150,0,0,0
Fri Aug 13 16:20:33 2021,0,3806,0,6,3630,0,7,150,0,0,0
Fri Aug 13 16:21:34 2021,0,3806,0,6,3630,0,7,150,0,0,0
Fri Aug 13 16:22:34 2021,0,3806,0,6,3630,0,7,150,0,0,0
Fri Aug 13 16:23:35 2021,0,3806,0,6,3630,0,7,150,0,0,0
Fri Aug 13 16:24:36 2021,0,3806,0,6,3630,0,7,150,0,0,0
Fri Aug 13 16:25:36 2021,0,3806,0,6,3630,0,7,150,0,0,0
Fri Aug 13 16:26:37 2021,0,3806,0,6,3630,0,7,150,0,0,0
Fri Aug 13 16:27:37 2021,0,3806,0,6,3630,0,7,150,0,0,0
Fri Aug 13 16:28:38 2021,0,3806,0,6,3630,0,7,150,0,0,0
Fri Aug 13 16:29:39 2021,0,3806,0,6,3630,0,7,150,0,0,0
Fri Aug 13 16:30:39 2021,0,3806,0,6,3630,0,7,150,0,0,0
Fri Aug 13 16:31:40 2021,0,3806,0,6,3630,0,7,150,0,0,0
Fri Aug 13 16:32:40 2021,0,3806,0,6,3630,0,7,150,0,0,0
Fri Aug 13 16:33:41 2021,0,3806,0,6,3630,0,7,150,0,0,0
Fri Aug 13 16:34:41 2021,0,3806,0,6,3630,0,7,150,0,0,0
Fri Aug 13 16:35:42 2021,0,3806,0,6,3630,0,7,150,0,0,0
Fri Aug 13 16:36:43 2021,0,3806,0,6,3630,0,7,150,0,0,0
Fri Aug 13 16:37:43 2021,0,3806,0,6,3630,0,7,150,0,0,0
Fri Aug 13 16:38:44 2021,0,3806,0,6,3630,0,7,150,0,0,0
Fri Aug 13 16:39:44 2021,0,3806,0,6,3630,0,7,150,0,0,0
Fri Aug 13 16:40:45 2021,0,3806,0,6,3630,0,7,150,0,0,0
Fri Aug 13 16:41:46 2021,0,3806,0,6,3630,0,7,150,0,0,0
Fri Aug 13 16:42:46 2021,0,3806,0,6,3630,0,7,150,0,0,0
Fri Aug 13 16:43:47 2021,0,3806,0,6,3630,0,7,150,0,0,0
Fri Aug 13 16:44:47 2021,0,3806,0,6,3630,0,7,150,0,0,0
Fri Aug 13 16:45:48 2021,0,3806,0,6,3630,0,7,150,0,0,0
Fri Aug 13 16:46:48 2021,0,3806,0,6,3630,0,7,150,0,0,0
Fri Aug 13 16:47:49 2021,0,3806,0,6,3630,0,7,150,0,0,0
Fri Aug 13 16:48:50 2021,0,3806,0,6,3630,0,7,150,0,0,0
Fri Aug 13 16:49:50 2021,0,3806,0,6,3630,0,7,150,0,0,0
Fri Aug 13 16:50:51 2021,0,3806,0,6,3630,0,7,150,0,0,0
Fri Aug 13 16:51:51 2021,0,3806,0,6,3630,0,7,150,0,0,0
Fri Aug 13 16:52:52 2021,0,3806,0,6,3630,0,7,150,0,0,0
Fri Aug 13 16:53:53 2021,0,3806,0,6,3630,0,7,150,0,0,0
Fri Aug 13 16:54:53 2021,0,3806,0,6,3630,0,7,150,0,0,0
Fri Aug 13 16:55:54 2021,0,3806,0,6,3630,0,7,150,0,0,0
Fri Aug 13 16:56:54 2021,0,3806,0,6,3630,0,7,150,0,0,0
Fri Aug 13 16:57:55 2021,0,3806,0,6,3630,0,7,150,0,0,0
Fri Aug 13 16:58:56 2021,0,3806,0,6,3630,0,7,150,0,0,0
Fri Aug 13 16:59:56 2021,0,3806,0,6,3630,0,7,150,0,0,0
Fri Aug 13 17:00:57 2021,0,3806,0,6,3630,0,7,150,0,0,0
Fri Aug 13 17:01:57 2021,0,3806,0,6,3630,0,7,150,0,0,0
Fri Aug 13 17:02:58 2021,0,3806,0,6,3630,0,7,150,0,0,0
Fri Aug 13 17:03:59 2021,0,3806,0,6,3630,0,7,150,0,0,0
Fri Aug 13 17:04:59 2021,0,3806,0,6,3630,0,7,150,0,0,0
Fri Aug 13 17:06:00 2021,0,3806,0,6,3630,0,7,150,0,0,0
Fri Aug 13 17:07:00 2021,0,3806,0,6,3630,0,7,150,0,0,0
Fri Aug 13 17:08:01 2021,0,3806,0,6,3630,0,7,150,0,0,0
Fri Aug 13 17:09:01 2021,0,3806,0,6,3630,0,7,150,0,0,0
Fri Aug 13 17:10:02 2021,0,3806,0,6,3630,0,7,150,0,0,0
Fri Aug 13 17:11:03 2021,0,3806,0,6,3630,0,7,150,0,0,0
Fri Aug 13 17:12:03 2021,0,3806,0,6,3630,0,7,150,0,0,0
Fri Aug 13 17:13:04 2021,0,3806,0,6,3630,0,7,150,0,0,0
Fri Aug 13 17:14:04 2021,0,3806,0,6,3630,0,7,150,0,0,0
Fri Aug 13 17:15:05 2021,0,3806,0,6,3630,0,7,150,0,0,0
Fri Aug 13 17:16:05 2021,0,3806,0,6,3630,0,7,150,0,0,0
Fri Aug 13 17:17:06 2021,0,3806,0,6,3630,0,7,150,0,0,0
Fri Aug 13 17:18:06 2021,0,3806,0,6,3630,0,7,150,0,0,0
Fri Aug 13 17:19:07 2021,0,3806,0,6,3630,0,7,150,0,0,0
Fri Aug 13 17:20:08 2021,0,3806,0,6,3630,0,7,150,0,0,0
Fri Aug 13 17:21:08 2021,0,3806,0,6,3630,0,7,150,0,0,0
Fri Aug 13 17:22:09 2021,0,3806,0,6,3630,0,7,150,0,0,0
Fri Aug 13 17:23:09 2021,0,3806,0,6,3630,0,7,150,0,0,0
Fri Aug 13 17:24:10 2021,0,3806,0,6,3630,0,7,150,0,0,0
Fri Aug 13 17:25:10 2021,0,3806,0,6,3630,0,7,150,0,0,0
Fri Aug 13 17:26:11 2021,0,3806,0,6,3630,0,7,150,0,0,0
Fri Aug 13 17:27:12 2021,0,3806,0,6,3630,0,7,150,0,0,0
Fri Aug 13 17:28:12 2021,0,3806,0,6,3630,0,7,150,0,0,0
Fri Aug 13 17:29:13 2021,0,3806,0,6,3630,0,7,150,0,0,0
Fri Aug 13 17:30:13 2021,0,3806,0,6,3630,0,7,150,0,0,0
Fri Aug 13 17:31:14 2021,0,3806,0,6,3630,0,7,150,0,0,0
Fri Aug 13 17:32:15 2021,0,3806,0,6,3630,0,7,150,0,0,0
Fri Aug 13 17:33:15 2021,0,3806,0,6,3630,0,7,150,0,0,0
Fri Aug 13 17:34:16 2021,0,3806,0,6,3630,0,7,150,0,0,0
Fri Aug 13 17:35:16 2021,0,3806,0,6,3630,0,7,150,0,0,0
Fri Aug 13 17:36:17 2021,0,3806,0,6,3630,0,7,150,0,0,0
Fri Aug 13 17:37:18 2021,0,3806,0,6,3630,0,7,150,0,0,0
Fri Aug 13 17:38:18 2021,0,3806,0,6,3630,0,7,150,0,0,0
Fri Aug 13 17:39:19 2021,0,3806,0,6,3630,0,7,150,0,0,0
Fri Aug 13 17:40:19 2021,0,3806,0,6,3630,0,7,150,0,0,0
Fri Aug 13 17:41:20 2021,0,3806,0,6,3630,0,7,150,0,0,0
Fri Aug 13 17:42:21 2021,0,3806,0,6,3630,0,7,150,0,0,0
Fri Aug 13 17:43:21 2021,0,3806,0,6,3630,0,7,150,0,0,0
Fri Aug 13 17:44:22 2021,0,3806,0,6,3630,0,7,150,0,0,0
Fri Aug 13 17:45:22 2021,0,3806,0,6,3630,0,7,150,0,0,0
Fri Aug 13 17:46:23 2021,0,3806,0,6,3630,0,7,150,0,0,0
Fri Aug 13 17:47:23 2021,0,3806,0,6,3630,0,7,150,0,0,0
Fri Aug 13 17:48:24 2021,0,3806,0,6,3630,0,7,150,0,0,0
Fri Aug 13 17:49:24 2021,0,3806,0,6,3630,0,7,150,0,0,0
Fri Aug 13 17:50:25 2021,0,3806,0,6,3630,0,7,150,0,0,0
Fri Aug 13 17:51:26 2021,0,3806,0,6,3630,0,7,150,0,0,0
Fri Aug 13 17:52:26 2021,0,3806,0,6,3630,0,7,150,0,0,0
Fri Aug 13 17:53:27 2021,0,3806,0,6,3630,0,7,150,0,0,0
Fri Aug 13 17:54:27 2021,0,3806,0,6,3630,0,7,150,0,0,0
Fri Aug 13 17:55:28 2021,0,3806,0,6,3630,0,7,150,0,0,0
Fri Aug 13 17:56:29 2021,0,3806,0,6,3630,0,7,150,0,0,0
Fri Aug 13 17:57:29 2021,0,3806,0,6,3630,0,7,150,0,0,0
Fri Aug 13 17:58:30 2021,0,3806,0,6,3630,0,7,150,0,0,0
Fri Aug 13 17:59:30 2021,0,3806,0,6,3630,0,7,150,0,0,0
Fri Aug 13 18:00:31 2021,0,3806,0,6,3630,0,7,150,0,0,0
Fri Aug 13 18:01:31 2021,0,3806,0,6,3630,0,7,150,0,0,0
Fri Aug 13 18:02:32 2021,0,3806,0,6,3630,0,7,150,0,0,0
Fri Aug 13 18:03:32 2021,0,3806,0,6,3630,0,7,150,0,0,0
Fri Aug 13 18:04:33 2021,0,3806,0,6,3630,0,7,150,0,0,0
Fri Aug 13 18:05:34 2021,0,3806,0,6,3630,0,7,150,0,0,0
Fri Aug 13 18:06:34 2021,0,3806,0,6,3630,0,7,150,0,0,0
Fri Aug 13 18:07:35 2021,0,3806,0,6,3630,0,7,150,0,0,0
Fri Aug 13 18:08:35 2021,0,3806,0,6,3630,0,7,150,0,0,0
Fri Aug 13 18:09:36 2021,0,3806,0,6,3630,0,7,150,0,0,0
Fri Aug 13 18:10:36 2021,0,3806,0,6,3630,0,7,150,0,0,0
Fri Aug 13 18:11:37 2021,0,3806,0,6,3630,0,7,150,0,0,0
Fri Aug 13 18:12:38 2021,0,3806,0,6,3630,0,7,150,0,0,0
Fri Aug 13 18:13:38 2021,0,3806,0,6,3630,0,7,150,0,0,0
Fri Aug 13 18:14:39 2021,0,3806,0,6,3630,0,7,150,0,0,0
Fri Aug 13 18:15:39 2021,0,3806,0,6,3630,0,7,150,0,0,0
Fri Aug 13 18:16:40 2021,0,3806,0,6,3630,0,7,150,0,0,0
Fri Aug 13 18:17:40 2021,0,3806,0,6,3630,0,7,150,0,0,0
Fri Aug 13 18:18:41 2021,0,3806,0,6,3630,0,7,150,0,0,0
Fri Aug 13 18:19:42 2021,0,3806,0,6,3630,0,7,150,0,0,0
Fri Aug 13 18:20:42 2021,0,3806,0,6,3630,0,7,150,0,0,0
Fri Aug 13 18:21:43 2021,0,3806,0,6,3630,0,7,150,0,0,0
Fri Aug 13 18:22:43 2021,0,3806,0,6,3630,0,7,150,0,0,0
Fri Aug 13 18:23:44 2021,0,3806,0,6,3630,0,7,150,0,0,0
Fri Aug 13 18:24:44 2021,0,3806,0,6,3630,0,7,150,0,0,0
Fri Aug 13 18:25:45 2021,0,3806,0,6,3630,0,7,150,0,0,0
Fri Aug 13 18:26:46 2021,0,3806,0,6,3630,0,7,150,0,0,0
Fri Aug 13 18:27:46 2021,0,3806,0,6,3630,0,7,150,0,0,0
Fri Aug 13 18:28:47 2021,0,3806,0,6,3630,0,7,150,0,0,0
Fri Aug 13 18:29:47 2021,0,3806,0,6,3630,0,7,150,0,0,0
Fri Aug 13 18:30:48 2021,0,3806,0,6,3630,0,7,150,0,0,0
Fri Aug 13 18:31:49 2021,0,3806,0,6,3630,0,7,150,0,0,0
Fri Aug 13 18:32:49 2021,0,3806,0,6,3630,0,7,150,0,0,0
Fri Aug 13 18:33:50 2021,0,3806,0,6,3630,0,7,150,0,0,0
Fri Aug 13 18:34:50 2021,0,3806,0,6,3630,0,7,150,0,0,0
Fri Aug 13 18:35:51 2021,0,3806,0,6,3630,0,7,150,0,0,0
Fri Aug 13 18:36:51 2021,0,3806,0,6,3630,0,7,150,0,0,0
Fri Aug 13 18:37:52 2021,0,3806,0,6,3630,0,7,150,0,0,0
Fri Aug 13 18:38:53 2021,0,3806,0,6,3630,0,7,150,0,0,0
Fri Aug 13 18:39:53 2021,0,3806,0,6,3630,0,7,150,0,0,0
Fri Aug 13 18:40:54 2021,0,3806,0,6,3630,0,7,150,0,0,0
Fri Aug 13 18:41:54 2021,0,3806,0,6,3630,0,7,150,0,0,0
Fri Aug 13 18:42:55 2021,0,3806,0,6,3630,0,7,150,0,0,0
Fri Aug 13 18:43:56 2021,0,3806,0,6,3630,0,7,150,0,0,0
Fri Aug 13 18:44:56 2021,0,3806,0,6,3630,0,7,150,0,0,0
Fri Aug 13 18:45:57 2021,0,3806,0,6,3630,0,7,150,0,0,0
Fri Aug 13 18:46:57 2021,0,3806,0,6,3630,0,7,150,0,0,0
Fri Aug 13 18:47:58 2021,0,3806,0,6,3630,0,7,150,0,0,0
Fri Aug 13 18:48:59 2021,0,3806,0,6,3630,0,7,150,0,0,0
Fri Aug 13 18:49:59 2021,0,3806,0,6,3630,0,7,150,0,0,0
Fri Aug 13 18:51:00 2021,0,3806,0,6,3630,0,7,150,0,0,0
Fri Aug 13 18:52:00 2021,0,3806,0,6,3630,0,7,150,0,0,0
Fri Aug 13 18:53:01 2021,0,3806,0,6,3630,0,7,150,0,0,0
Fri Aug 13 18:54:01 2021,0,3806,0,6,3630,0,7,150,0,0,0
Fri Aug 13 18:55:02 2021,0,3806,0,6,3630,0,7,150,0,0,0
Fri Aug 13 18:56:03 2021,0,3806,0,6,3630,0,7,150,0,0,0
Fri Aug 13 18:57:03 2021,0,3806,0,6,3630,0,7,150,0,0,0
Fri Aug 13 18:58:04 2021,0,3806,0,6,3630,0,7,150,0,0,0
Fri Aug 13 18:59:04 2021,0,3806,0,6,3630,0,7,150,0,0,0
Fri Aug 13 19:00:05 2021,0,3806,0,6,3630,0,7,150,0,0,0
Fri Aug 13 19:01:06 2021,0,3806,0,6,3630,0,7,150,0,0,0
Fri Aug 13 19:02:06 2021,0,3806,0,6,3630,0,7,750,0,0,0
Fri Aug 13 19:03:07 2021,0,3806,0,6,3630,0,7,825,0,41.2903,0
Fri Aug 13 19:04:07 2021,0,3806,0,6,3630,0,7,825,0,320,0
Fri Aug 13 19:05:08 2021,0,3806,0,6,3630,0,7,825,0,309.677,1
Fri Aug 13 19:06:08 2021,0,3819,800,6,3630,0,7,825,0,350.968,1
Fri Aug 13 19:07:09 2021,0,3832,800,6,3630,0,7,900,0,361.29,1
Fri Aug 13 19:08:10 2021,0,3845,800,6,3630,0,7,750,0,371.613,1
Fri Aug 13 19:09:10 2021,0,3858,800,6,3630,0,7,675,0,381.935,1
Fri Aug 13 19:10:11 2021,0,3871,800,6,3630,0,7,525,0,392.258,1
Fri Aug 13 19:11:11 2021,0,3884,800,6,3630,0,7,525,0,412.903,1
Fri Aug 13 19:12:12 2021,0,3897,800,6,3630,0,7,525,0,423.226,1
Fri Aug 13 19:13:13 2021,0,3910,800,6,3630,0,7,525,0,423.226,1
Fri Aug 13 19:14:13 2021,0,3923,800,6,3630,0,7,450,0,423.226,1
Fri Aug 13 19:15:14 2021,0,3936,800,6,3630,0,7,450,0,423.226,1
Fri Aug 13 19:16:14 2021,0,3962,800,6,3630,0,7,450,0,423.226,1
Fri Aug 13 19:17:15 2021,0,3975,800,6,3630,0,7,450,0,433.548,1
Fri Aug 13 19:18:15 2021,0,3988,800,6,3630,0,7,450,0,433.548,1
Fri Aug 13 19:19:16 2021,0,4001,800,6,3630,0,7,375,0,433.548,1
Fri Aug 13 19:20:17 2021,0,4014,800,6,3630,0,7,375,0,433.548,1
Fri Aug 13 19:21:17 2021,0,4027,800,6,3630,0,7,300,0,433.548,1
Fri Aug 13 19:22:18 2021,0,4040,800,6,3630,0,7,300,0,433.548,1
Fri Aug 13 19:23:18 2021,0,4053,800,6,3630,0,7,300,0,433.548,1
Fri Aug 13 19:24:19 2021,0,4066,800,6,3630,0,7,300,0,433.548,1
Fri Aug 13 19:25:19 2021,0,4079,800,6,3630,0,7,150,0,433.548,1
Fri Aug 13 19:26:20 2021,0,4092,800,6,3630,0,7,150,0,443.871,1
Fri Aug 13 19:27:21 2021,0,4105,800,6,3630,0,7,150,0,443.871,1
Fri Aug 13 19:28:21 2021,0,4118,800,6,3630,0,7,150,0,433.548,1
Fri Aug 13 19:29:22 2021,0,4131,800,6,3630,0,7,150,0,443.871,1
Fri Aug 13 19:30:22 2021,0,4144,800,6,3630,0,7,150,0,443.871,1
Fri Aug 13 19:31:23 2021,0,4157,800,6,3630,0,7,0,0,443.871,1
Fri Aug 13 19:32:23 2021,0,4170,800,6,3630,0,7,0,0,443.871,1
Fri Aug 13 19:33:24 2021,0,4183,800,6,3630,0,7,0,0,443.871,1
Fri Aug 13 19:34:25 2021,0,4196,800,6,3630,0,7,0,0,454.194,1
Fri Aug 13 19:35:25 2021,0,4209,800,6,3630,0,7,0,0,443.871,1
Fri Aug 13 19:36:26 2021,0,4222,800,6,3630,0,7,0,0,454.194,1
Fri Aug 13 19:37:26 2021,0,4235,800,6,3630,0,7,0,0,454.194,1
Fri Aug 13 19:38:27 2021,0,4248,800,6,3630,0,7,0,0,443.871,1
Fri Aug 13 19:39:28 2021,0,4261,800,6,3630,0,7,0,0,454.194,1
Fri Aug 13 19:40:28 2021,0,4274,800,6,3630,0,7,0,0,454.194,1
Fri Aug 13 19:41:29 2021,0,4287,800,6,3630,0,7,0,0,454.194,1
Fri Aug 13 19:42:29 2021,0,4300,800,6,3630,0,7,0,0,454.194,1
Fri Aug 13 19:43:30 2021,0,4313,800,6,3630,0,7,0,0,464.516,1
Fri Aug 13 19:44:30 2021,0,4326,800,6,3630,0,7,0,0,454.194,1
Fri Aug 13 19:45:31 2021,0,4339,800,6,3630,0,7,0,0,454.194,1
Fri Aug 13 19:46:31 2021,0,4352,800,6,3630,0,7,0,0,454.194,1
Fri Aug 13 19:47:32 2021,0,4365,800,6,3630,0,7,0,0,454.194,1
Fri Aug 13 19:48:33 2021,0,4378,800,6,3630,0,7,0,0,464.516,1
Fri Aug 13 19:49:33 2021,0,4391,800,6,3630,0,7,0,0,454.194,1
Fri Aug 13 19:50:34 2021,0,4404,800,6,3630,0,7,0,0,464.516,1
Fri Aug 13 19:51:34 2021,0,4417,800,6,3630,0,7,0,0,454.194,1
Fri Aug 13 19:52:35 2021,0,4430,800,6,3630,0,7,0,0,454.194,1
Fri Aug 13 19:53:35 2021,0,4443,800,6,3630,0,7,0,0,464.516,1
Fri Aug 13 19:54:36 2021,0,4456,800,6,3630,0,7,0,0,41.2903,0
Fri Aug 13 19:55:36 2021,0,4456,0,6,3630,0,7,0,0,30.9677,0
Fri Aug 13 19:56:37 2021,0,4456,0,6,3630,0,7,0,0,30.9677,0
Fri Aug 13 19:57:37 2021,0,4456,0,6,3630,0,7,0,0,41.2903,0
Fri Aug 13 19:58:38 2021,0,4456,0,6,3630,0,7,0,0,0,0
Fri Aug 13 19:59:38 2021,0,4456,0,6,3630,0,7,0,0,0,0
Fri Aug 13 20:00:39 2021,0,4456,0,6,3630,0,7,0,0,0,0
Fri Aug 13 20:01:40 2021,0,4456,0,6,3630,0,7,525,0,0,0
Fri Aug 13 20:02:40 2021,0,4456,0,6,3630,0,7,825,0,41.2903,0
Fri Aug 13 20:03:41 2021,0,4456,0,6,3630,0,7,975,0,30.9677,0
Fri Aug 13 20:04:41 2021,0,4456,0,6,3630,0,7,975,0,402.581,0
Fri Aug 13 20:05:42 2021,0,4456,0,6,3630,0,7,825,0,402.581,1
Fri Aug 13 20:06:42 2021,0,4469,800,6,3630,0,7,750,0,412.903,1
Fri Aug 13 20:07:43 2021,0,4482,800,6,3630,0,7,750,0,412.903,1
Fri Aug 13 20:08:44 2021,0,4495,800,6,3630,0,7,750,0,423.226,1
Fri Aug 13 20:09:44 2021,0,4508,800,6,3630,0,7,675,0,423.226,1
Fri Aug 13 20:10:45 2021,0,4521,800,6,3630,0,7,675,0,423.226,1
Fri Aug 13 20:11:45 2021,0,4534,800,6,3630,0,7,675,0,412.903,1
Fri Aug 13 20:12:46 2021,0,4547,800,6,3630,0,7,675,0,423.226,1
Fri Aug 13 20:13:46 2021,0,4560,800,6,3630,0,7,525,0,423.226,1
Fri Aug 13 20:14:47 2021,0,4573,800,6,3630,0,7,525,0,423.226,1
Fri Aug 13 20:15:48 2021,0,4586,800,6,3630,0,7,525,0,433.548,1
Fri Aug 13 20:16:48 2021,0,4599,800,6,3630,0,7,525,0,433.548,1
Fri Aug 13 20:17:49 2021,0,4612,800,6,3630,0,7,525,0,423.226,1
Fri Aug 13 20:18:49 2021,0,4625,800,6,3630,0,7,525,0,423.226,1
Fri Aug 13 20:19:50 2021,0,4638,800,6,3630,0,7,450,0,433.548,1
Fri Aug 13 20:20:51 2021,0,4651,800,6,3630,0,7,450,0,433.548,1
Fri Aug 13 20:21:51 2021,0,4664,800,6,3630,0,7,450,0,433.548,1
Fri Aug 13 20:22:52 2021,0,4677,800,6,3630,0,7,450,0,433.548,1
Fri Aug 13 20:23:52 2021,0,4690,800,6,3630,0,7,450,0,433.548,1
Fri Aug 13 20:24:53 2021,0,4703,800,6,3630,0,7,375,0,423.226,1
Fri Aug 13 20:25:53 2021,0,4716,800,6,3630,0,7,375,0,433.548,1
Fri Aug 13 20:26:54 2021,0,4729,800,6,3630,0,7,300,0,433.548,1
Fri Aug 13 20:27:55 2021,0,4742,800,6,3630,0,7,300,0,443.871,1
Fri Aug 13 20:28:55 2021,0,4755,800,6,3630,0,7,300,0,433.548,1
Fri Aug 13 20:29:56 2021,0,4768,800,6,3630,0,7,300,0,443.871,1
Fri Aug 13 20:30:56 2021,0,4781,800,6,3630,0,7,150,0,443.871,1
Fri Aug 13 20:31:57 2021,0,4794,800,6,3630,0,7,150,0,433.548,1
Fri Aug 13 20:32:58 2021,0,4807,800,6,3630,0,7,150,0,433.548,1
Fri Aug 13 20:33:58 2021,0,4820,800,6,3630,0,7,150,0,443.871,1
Fri Aug 13 20:34:59 2021,0,4833,800,6,3630,0,7,150,0,443.871,1
Fri Aug 13 20:35:59 2021,0,4846,800,6,3630,0,7,0,0,443.871,1
Fri Aug 13 20:37:00 2021,0,4859,800,6,3630,0,7,0,0,454.194,1
Fri Aug 13 20:38:00 2021,0,4872,800,6,3630,0,7,0,0,443.871,1
Fri Aug 13 20:39:01 2021,0,4885,800,6,3630,0,7,0,0,443.871,1
Fri Aug 13 20:40:01 2021,0,4898,800,6,3630,0,7,0,0,443.871,1
Fri Aug 13 20:41:02 2021,0,4911,800,6,3630,0,7,0,0,443.871,1
Fri Aug 13 20:42:03 2021,0,4924,800,6,3630,0,7,0,0,454.194,1
Fri Aug 13 20:43:03 2021,0,4937,800,6,3630,0,7,0,0,454.194,1
Fri Aug 13 20:44:04 2021,0,4950,800,6,3630,0,7,0,0,454.194,1
Fri Aug 13 20:45:04 2021,0,4963,800,6,3630,0,7,0,0,454.194,1
Fri Aug 13 20:46:05 2021,0,4976,800,6,3630,0,7,0,0,454.194,1
Fri Aug 13 20:47:05 2021,0,4989,800,6,3630,0,7,0,0,454.194,1
Fri Aug 13 20:48:06 2021,0,5002,800,6,3630,0,7,0,0,454.194,1
Fri Aug 13 20:49:07 2021,0,5015,800,6,3630,0,7,0,0,464.516,1
Fri Aug 13 20:50:07 2021,0,5028,800,6,3630,0,7,0,0,454.194,1
Fri Aug 13 20:51:08 2021,0,5041,800,6,3630,0,7,0,0,454.194,1
Fri Aug 13 20:52:08 2021,0,5054,800,6,3630,0,7,0,0,454.194,1
Fri Aug 13 20:53:09 2021,0,5067,800,6,3630,0,7,0,0,41.2903,0
Fri Aug 13 20:54:09 2021,0,5067,0,6,3630,0,7,0,0,30.9677,0
Fri Aug 13 20:55:10 2021,0,5067,0,6,3630,0,7,0,0,30.9677,0
Fri Aug 13 20:56:10 2021,0,5067,0,6,3630,0,7,0,0,30.9677,0
Fri Aug 13 20:57:11 2021,0,5067,0,6,3630,0,7,0,0,0,0
Fri Aug 13 20:58:12 2021,0,5067,0,6,3630,0,7,0,0,0,0
Fri Aug 13 20:59:12 2021,0,5067,0,6,3630,0,7,0,0,0,0
Fri Aug 13 21:00:13 2021,0,5067,0,6,3630,0,7,0,0,0,0
Fri Aug 13 21:01:13 2021,0,5067,0,6,3630,0,7,0,0,0,0
Fri Aug 13 21:02:14 2021,0,5067,0,6,3630,0,7,0,0,0,0
Fri Aug 13 21:03:15 2021,0,5067,0,6,3630,0,7,0,0,0,0
Fri Aug 13 21:04:15 2021,0,5067,0,6,3630,0,7,0,0,0,0
Fri Aug 13 21:05:16 2021,0,5067,0,6,3630,0,7,0,0,0,0
Fri Aug 13 21:06:16 2021,0,5067,0,6,3630,0,7,0,0,0,0
Fri Aug 13 21:07:17 2021,0,5067,0,6,3630,0,7,0,0,0,0
Fri Aug 13 21:08:17 2021,0,5067,0,6,3630,0,7,0,0,0,0
Fri Aug 13 21:09:18 2021,0,5067,0,6,3630,0,7,0,0,0,0
Fri Aug 13 21:10:19 2021,0,5067,0,6,3630,0,7,0,0,0,0
Fri Aug 13 21:11:19 2021,0,5067,0,6,3630,0,7,0,0,0,0
Fri Aug 13 21:12:20 2021,0,5067,0,6,3630,0,7,0,0,0,0
Fri Aug 13 21:13:20 2021,0,5067,0,6,3630,0,7,0,0,0,0
Fri Aug 13 21:14:21 2021,0,5067,0,6,3630,0,7,0,0,0,0
Fri Aug 13 21:15:22 2021,0,5067,0,6,3630,0,7,0,0,0,0
Fri Aug 13 21:16:22 2021,0,5067,0,6,3630,0,7,0,0,0,0
Fri Aug 13 21:17:23 2021,0,5067,0,6,3630,0,7,0,0,0,0
Fri Aug 13 21:18:23 2021,0,5067,0,6,3630,0,7,0,0,0,0
Fri Aug 13 21:19:24 2021,0,5067,0,6,3630,0,7,0,0,0,0
Fri Aug 13 21:20:24 2021,0,5067,0,6,3630,0,7,0,0,0,0
Fri Aug 13 21:21:25 2021,0,5067,0,6,3630,0,7,0,0,0,0
Fri Aug 13 21:22:26 2021,0,5067,0,6,3630,0,7,0,0,0,0
Fri Aug 13 21:23:26 2021,0,5067,0,6,3630,0,7,0,0,0,0
Fri Aug 13 21:24:27 2021,0,5067,0,6,3630,0,7,0,0,0,0
Fri Aug 13 21:25:27 2021,0,5067,0,6,3630,0,7,0,0,0,0
Fri Aug 13 21:26:28 2021,0,5067,0,6,3630,0,7,0,0,0,0
Fri Aug 13 21:27:28 2021,0,5067,0,6,3630,0,7,0,0,0,0
Fri Aug 13 21:28:29 2021,0,5067,0,6,3630,0,7,0,0,0,0
Fri Aug 13 21:29:30 2021,0,5067,0,6,3630,0,7,0,0,0,0
Fri Aug 13 21:30:30 2021,0,5067,0,6,3630,0,7,0,0,0,0
Fri Aug 13 21:31:31 2021,0,5067,0,6,3630,0,7,0,0,0,0
Fri Aug 13 21:32:31 2021,0,5067,0,6,3630,0,7,0,0,0,0
Fri Aug 13 21:33:32 2021,0,5067,0,6,3630,0,7,0,0,0,0
Fri Aug 13 21:34:33 2021,0,5067,0,6,3630,0,7,0,0,0,0
Fri Aug 13 21:35:33 2021,0,5067,0,6,3630,0,7,0,0,0,0
Fri Aug 13 21:36:34 2021,0,5067,0,6,3630,0,7,0,0,0,0
Fri Aug 13 21:37:34 2021,0,5067,0,6,3630,0,7,0,0,0,0
Fri Aug 13 21:38:35 2021,0,5067,0,6,3630,0,7,0,0,0,0
Fri Aug 13 21:39:35 2021,0,5067,0,6,3630,0,7,0,0,0,0
Fri Aug 13 21:40:36 2021,0,5067,0,6,3630,0,7,0,0,0,0
Fri Aug 13 21:41:36 2021,0,5067,0,6,3630,0,7,0,0,0,0
Fri Aug 13 21:42:37 2021,0,5067,0,6,3630,0,7,0,0,0,0
Fri Aug 13 21:43:38 2021,0,5067,0,6,3630,0,7,0,0,0,0
Fri Aug 13 21:44:38 2021,0,5067,0,6,3630,0,7,0,0,0,0
Fri Aug 13 21:45:39 2021,0,5067,0,6,3630,0,7,0,0,0,0
Fri Aug 13 21:46:39 2021,0,5067,0,6,3630,0,7,0,0,0,0
Fri Aug 13 21:47:40 2021,0,5067,0,6,3630,0,7,0,0,0,0
Fri Aug 13 21:48:40 2021,0,5067,0,6,3630,0,7,0,0,0,0
Fri Aug 13 21:49:41 2021,0,5067,0,6,3630,0,7,0,0,0,0
Fri Aug 13 21:50:42 2021,0,5067,0,6,3630,0,7,0,0,0,0
Fri Aug 13 21:51:42 2021,0,5067,0,6,3630,0,7,0,0,0,0
Fri Aug 13 21:52:43 2021,0,5067,0,6,3630,0,7,0,0,0,0
Fri Aug 13 21:53:43 2021,0,5067,0,6,3630,0,7,0,0,0,0
Fri Aug 13 21:54:44 2021,0,5067,0,6,3630,0,7,0,0,0,0
Fri Aug 13 21:55:45 2021,0,5067,0,6,3630,0,7,0,0,0,0
Fri Aug 13 21:56:45 2021,0,5067,0,6,3630,0,7,0,0,0,0
Fri Aug 13 21:57:46 2021,0,5067,0,6,3630,0,7,0,0,0,0
Fri Aug 13 21:58:46 2021,0,5067,0,6,3630,0,7,0,0,0,0
Fri Aug 13 21:59:47 2021,0,5067,0,6,3630,0,7,0,0,0,0
Fri Aug 13 22:00:48 2021,0,5067,0,6,3630,0,7,0,0,0,0
Fri Aug 13 22:01:48 2021,0,5067,0,6,3630,0,7,0,0,0,0
Fri Aug 13 22:02:49 2021,0,5067,0,6,3630,0,7,0,0,0,0
Fri Aug 13 22:03:49 2021,0,5067,0,6,3630,0,7,0,0,0,0
Fri Aug 13 22:04:50 2021,0,5067,0,6,3630,0,7,0,0,0,0
Fri Aug 13 22:05:50 2021,0,5067,0,6,3630,0,7,0,0,0,0
Fri Aug 13 22:06:51 2021,0,5067,0,6,3630,0,7,0,0,0,0
Fri Aug 13 22:07:52 2021,0,5067,0,6,3630,0,7,0,0,0,0
Fri Aug 13 22:08:52 2021,0,5067,0,6,3630,0,7,0,0,0,0
Fri Aug 13 22:09:53 2021,0,5067,0,6,3630,0,7,0,0,0,0
Fri Aug 13 22:10:53 2021,0,5067,0,6,3630,0,7,0,0,0,0
Fri Aug 13 22:11:54 2021,0,5067,0,6,3630,0,7,0,0,0,0
Fri Aug 13 22:12:54 2021,0,5067,0,6,3630,0,7,0,0,0,0
Fri Aug 13 22:13:55 2021,0,5067,0,6,3630,0,7,0,0,0,0
Fri Aug 13 22:14:55 2021,0,5067,0,6,3630,0,7,0,0,0,0
Fri Aug 13 22:15:56 2021,0,5067,0,6,3630,0,7,0,0,0,0
Fri Aug 13 22:16:57 2021,0,5067,0,6,3630,0,7,0,0,0,0
Fri Aug 13 22:17:57 2021,0,5067,0,6,3630,0,7,0,0,0,0
Fri Aug 13 22:18:58 2021,0,5067,0,6,3630,0,7,0,0,0,0
Fri Aug 13 22:19:58 2021,0,5067,0,6,3630,0,7,0,0,0,0
Fri Aug 13 22:20:59 2021,0,5067,0,6,3630,0,7,0,0,0,0
Fri Aug 13 22:21:59 2021,0,5067,0,6,3630,0,7,0,0,0,0
Fri Aug 13 22:23:00 2021,0,5067,0,6,3630,0,7,0,0,0,0
Fri Aug 13 22:24:01 2021,0,5067,0,6,3630,0,7,0,0,0,0
Fri Aug 13 22:25:01 2021,0,5067,0,6,3630,0,7,0,0,0,0
Fri Aug 13 22:26:02 2021,0,5067,0,6,3630,0,7,0,0,0,0
Fri Aug 13 22:27:02 2021,0,5067,0,6,3630,0,7,0,0,0,0
Fri Aug 13 22:28:03 2021,0,5067,0,6,3630,0,7,0,0,0,0
Fri Aug 13 22:29:03 2021,0,5067,0,6,3630,0,7,0,0,0,0
Fri Aug 13 22:30:04 2021,0,5067,0,6,3630,0,7,0,0,0,0
Fri Aug 13 22:31:05 2021,0,5067,0,6,3630,0,7,0,0,0,0
Fri Aug 13 22:32:05 2021,0,5067,0,6,3630,0,7,0,0,0,0
Fri Aug 13 22:33:06 2021,0,5067,0,6,3630,0,7,0,0,0,0
Fri Aug 13 22:34:06 2021,0,5067,0,6,3630,0,7,0,0,0,0
Fri Aug 13 22:35:07 2021,0,5067,0,6,3630,0,7,0,0,0,0
Fri Aug 13 22:36:08 2021,0,5067,0,6,3630,0,7,0,0,0,0
Fri Aug 13 22:37:08 2021,0,5067,0,6,3630,0,7,0,0,0,0
Fri Aug 13 22:38:09 2021,0,5067,0,6,3630,0,7,0,0,0,0
Fri Aug 13 22:39:09 2021,0,5067,0,6,3630,0,7,0,0,0,0
Fri Aug 13 22:40:10 2021,0,5067,0,6,3630,0,7,0,0,0,0
Fri Aug 13 22:41:11 2021,0,5067,0,6,3630,0,7,0,0,0,0
Fri Aug 13 22:42:11 2021,0,5067,0,6,3630,0,7,0,0,0,0
Fri Aug 13 22:43:12 2021,0,5067,0,6,3630,0,7,0,0,0,0
Fri Aug 13 22:44:12 2021,0,5067,0,6,3630,0,7,0,0,0,0
Fri Aug 13 22:45:13 2021,0,5067,0,6,3630,0,7,0,0,0,0
Fri Aug 13 22:46:13 2021,0,5067,0,6,3630,0,7,0,0,0,0
Fri Aug 13 22:47:14 2021,0,5067,0,6,3630,0,7,0,0,0,0
Fri Aug 13 22:48:15 2021,0,5067,0,6,3630,0,7,0,0,0,0
Fri Aug 13 22:49:15 2021,0,5067,0,6,3630,0,7,0,0,0,0
Fri Aug 13 22:50:16 2021,0,5067,0,6,3630,0,7,0,0,0,0
Fri Aug 13 22:51:16 2021,0,5067,0,6,3630,0,7,0,0,0,0
Fri Aug 13 22:52:17 2021,0,5067,0,6,3630,0,7,0,0,0,0
Fri Aug 13 22:53:18 2021,0,5067,0,6,3630,0,7,0,0,0,0
Fri Aug 13 22:54:18 2021,0,5067,0,6,3630,0,7,0,0,0,0
Fri Aug 13 22:55:19 2021,0,5067,0,6,3630,0,7,0,0,0,0
Fri Aug 13 22:56:19 2021,0,5067,0,6,3630,0,7,0,0,0,0
Fri Aug 13 22:57:20 2021,0,5067,0,6,3630,0,7,0,0,0,0
Fri Aug 13 22:58:20 2021,0,5067,0,6,3630,0,7,0,0,0,0
Fri Aug 13 22:59:21 2021,0,5067,0,6,3630,0,7,0,0,0,0
Fri Aug 13 23:00:22 2021,0,5067,0,6,3630,0,7,0,0,0,0
Fri Aug 13 23:01:22 2021,0,5067,0,6,3630,0,7,0,0,0,0
Fri Aug 13 23:02:23 2021,0,5067,0,6,3630,0,7,0,0,0,0
Fri Aug 13 23:03:23 2021,0,5067,0,6,3630,0,7,0,0,0,0
Fri Aug 13 23:04:24 2021,0,5067,0,6,3630,0,7,0,0,0,0
Fri Aug 13 23:05:24 2021,0,5067,0,6,3630,0,7,0,0,0,0
Fri Aug 13 23:06:25 2021,0,5067,0,6,3630,0,7,0,0,0,0
Fri Aug 13 23:07:26 2021,0,5067,0,6,3630,0,7,0,0,0,0
Fri Aug 13 23:08:26 2021,0,5067,0,6,3630,0,7,0,0,0,0
Fri Aug 13 23:09:27 2021,0,5067,0,6,3630,0,7,0,0,0,0
Fri Aug 13 23:10:27 2021,0,5067,0,6,3630,0,7,0,0,0,0
Fri Aug 13 23:11:28 2021,0,5067,0,6,3630,0,7,0,0,0,0
Fri Aug 13 23:12:29 2021,0,5067,0,6,3630,0,7,0,0,0,0
Fri Aug 13 23:13:29 2021,0,5067,0,6,3630,0,7,0,0,0,0
Fri Aug 13 23:14:30 2021,0,5067,0,6,3630,0,7,0,0,0,0
Fri Aug 13 23:15:30 2021,0,5067,0,6,3630,0,7,0,0,0,0
Fri Aug 13 23:16:31 2021,0,5067,0,6,3630,0,7,0,0,0,0
Fri Aug 13 23:17:32 2021,0,5067,0,6,3630,0,7,0,0,0,0
Fri Aug 13 23:18:32 2021,0,5067,0,6,3630,0,7,0,0,0,0
Fri Aug 13 23:19:33 2021,0,5067,0,6,3630,0,7,0,0,0,0
Fri Aug 13 23:20:33 2021,0,5067,0,6,3630,0,7,0,0,0,0
Fri Aug 13 23:21:34 2021,0,5067,0,6,3630,0,7,0,0,0,0
Fri Aug 13 23:22:34 2021,0,5067,0,6,3630,0,7,0,0,0,0
Fri Aug 13 23:23:35 2021,0,5067,0,6,3630,0,7,0,0,0,0
Fri Aug 13 23:24:36 2021,0,5067,0,6,3630,0,7,0,0,0,0
Fri Aug 13 23:25:36 2021,0,5067,0,6,3630,0,7,0,0,0,0
Fri Aug 13 23:26:37 2021,0,5067,0,6,3630,0,7,0,0,0,0
Fri Aug 13 23:27:37 2021,0,5067,0,6,3630,0,7,0,0,0,0
Fri Aug 13 23:28:38 2021,0,5067,0,6,3630,0,7,0,0,0,0
Fri Aug 13 23:29:39 2021,0,5067,0,6,3630,0,7,0,0,0,0
Fri Aug 13 23:30:39 2021,0,5067,0,6,3630,0,7,0,0,0,0
Fri Aug 13 23:31:40 2021,0,5067,0,6,3630,0,7,0,0,0,0
Fri Aug 13 23:32:40 2021,0,5067,0,6,3630,0,7,0,0,0,0
Fri Aug 13 23:33:41 2021,0,5067,0,6,3630,0,7,0,0,0,0
Fri Aug 13 23:34:41 2021,0,5067,0,6,3630,0,7,0,0,0,0
Fri Aug 13 23:35:42 2021,0,5067,0,6,3630,0,7,0,0,0,0
Fri Aug 13 23:36:43 2021,0,5067,0,6,3630,0,7,0,0,0,0
Fri Aug 13 23:37:43 2021,0,5067,0,6,3630,0,7,0,0,0,0
Fri Aug 13 23:38:44 2021,0,5067,0,6,3630,0,7,0,0,0,0
Fri Aug 13 23:39:44 2021,0,5067,0,6,3630,0,7,0,0,0,0
Fri Aug 13 23:40:45 2021,0,5067,0,6,3630,0,7,0,0,0,0
Fri Aug 13 23:41:45 2021,0,5067,0,6,3630,0,7,0,0,0,0
Fri Aug 13 23:42:46 2021,0,5067,0,6,3630,0,7,0,0,0,0
Fri Aug 13 23:43:47 2021,0,5067,0,6,3630,0,7,0,0,0,0
Fri Aug 13 23:44:47 2021,0,5067,0,6,3630,0,7,0,0,0,0
Fri Aug 13 23:45:48 2021,0,5067,0,6,3630,0,7,0,0,0,0
Fri Aug 13 23:46:48 2021,0,5067,0,6,3630,0,7,0,0,0,0
Fri Aug 13 23:47:49 2021,0,5067,0,6,3630,0,7,0,0,0,0
Fri Aug 13 23:48:49 2021,0,5067,0,6,3630,0,7,0,0,0,0
Fri Aug 13 23:49:50 2021,0,5067,0,6,3630,0,7,0,0,0,0
Fri Aug 13 23:50:51 2021,0,5067,0,6,3630,0,7,0,0,0,0
Fri Aug 13 23:51:51 2021,0,5067,0,6,3630,0,7,0,0,0,0
Fri Aug 13 23:52:52 2021,0,5067,0,6,3630,0,7,0,0,0,0
Fri Aug 13 23:53:52 2021,0,5067,0,6,3630,0,7,0,0,0,0
Fri Aug 13 23:54:53 2021,0,5067,0,6,3630,0,7,0,0,0,0
Fri Aug 13 23:55:54 2021,0,5067,0,6,3630,0,7,0,0,0,0
Fri Aug 13 23:56:54 2021,0,5067,0,6,3630,0,7,0,0,0,0
Fri Aug 13 23:57:55 2021,0,5067,0,6,3630,0,7,0,0,0,0
Fri Aug 13 23:58:55 2021,0,5067,0,6,3630,0,7,0,0,0,0
Fri Aug 13 23:59:56 2021,0,5067,0,6,3630,0,7,0,0,0,0
