idk,cumsum,rated_real_power,idk3,max_watts_hour,idk4,idk5,real_available_Wh,idk6,consumed_watts,idk7,tank_temp,time,cumsum_morning_sh,cumsum_evening_dish,cumsum_evening_sh,cop
0,1443,0,6,3630,0,7,150,0,0.0,0,118.77049180327869,00:00,0.0,0.0,0.0,
0,1443,0,6,3630,0,7,150,0,0.0,0,118.77049180327869,00:01,0.0,0.0,0.0,
0,1443,0,6,3630,0,7,150,0,0.0,0,118.77049180327869,00:02,0.0,0.0,0.0,
0,1443,0,6,3630,0,7,150,0,0.0,0,118.77049180327869,00:03,0.0,0.0,0.0,
0,1443,0,6,3630,0,7,150,0,0.0,0,118.77049180327869,00:04,0.0,0.0,0.0,
0,1443,0,6,3630,0,7,150,0,0.0,0,118.77049180327869,00:05,0.0,0.0,0.0,
0,1443,0,6,3630,0,7,150,0,0.0,0,118.77049180327869,00:06,0.0,0.0,0.0,
0,1443,0,6,3630,0,7,150,0,0.0,0,118.77049180327869,00:07,0.0,0.0,0.0,
0,1443,0,6,3630,0,7,150,0,0.0,0,118.77049180327869,00:08,0.0,0.0,0.0,
0,1443,0,6,3630,0,7,150,0,0.0,0,118.77049180327869,00:09,0.0,0.0,0.0,
0,1443,0,6,3630,0,7,150,0,0.0,0,118.77049180327869,00:10,0.0,0.0,0.0,
0,1443,0,6,3630,0,7,150,0,0.0,0,118.77049180327869,00:11,0.0,0.0,0.0,
0,1443,0,6,3630,0,7,150,0,0.0,0,118.77049180327869,00:12,0.0,0.0,0.0,
0,1443,0,6,3630,0,7,150,0,0.0,0,118.77049180327869,00:13,0.0,0.0,0.0,
0,1443,0,6,3630,0,7,150,0,0.0,0,118.77049180327869,00:14,0.0,0.0,0.0,
0,1443,0,6,3630,0,7,150,0,0.0,0,118.77049180327869,00:15,0.0,0.0,0.0,
0,1443,0,6,3630,0,7,150,0,0.0,0,118.77049180327869,00:16,0.0,0.0,0.0,
0,1443,0,6,3630,0,7,150,0,0.0,0,118.77049180327869,00:17,0.0,0.0,0.0,
0,1443,0,6,3630,0,7,150,0,0.0,0,118.77049180327869,00:18,0.0,0.0,0.0,
0,1443,0,6,3630,0,7,150,0,0.0,0,118.77049180327869,00:19,0.0,0.0,0.0,
0,1443,0,6,3630,0,7,150,0,0.0,0,118.77049180327869,00:20,0.0,0.0,0.0,
0,1443,0,6,3630,0,7,150,0,0.0,0,118.77049180327869,00:21,0.0,0.0,0.0,
0,1443,0,6,3630,0,7,150,0,0.0,0,118.77049180327869,00:22,0.0,0.0,0.0,
0,1443,0,6,3630,0,7,150,0,0.0,0,118.77049180327869,00:23,0.0,0.0,0.0,
0,1443,0,6,3630,0,7,150,0,0.0,0,118.77049180327869,00:24,0.0,0.0,0.0,
0,1443,0,6,3630,0,7,150,0,0.0,0,118.77049180327869,00:25,0.0,0.0,0.0,
0,1443,0,6,3630,0,7,150,0,0.0,0,118.77049180327869,00:26,0.0,0.0,0.0,
0,1443,0,6,3630,0,7,150,0,0.0,0,118.77049180327869,00:27,0.0,0.0,0.0,
0,1443,0,6,3630,0,7,150,0,0.0,0,118.77049180327869,00:28,0.0,0.0,0.0,
0,1443,0,6,3630,0,7,150,0,0.0,0,118.77049180327869,00:29,0.0,0.0,0.0,
0,1443,0,6,3630,0,7,150,0,0.0,0,118.77049180327869,00:30,0.0,0.0,0.0,
0,1443,0,6,3630,0,7,150,0,0.0,0,118.77049180327869,00:31,0.0,0.0,0.0,
0,1443,0,6,3630,0,7,150,0,0.0,0,118.77049180327869,00:32,0.0,0.0,0.0,
0,1443,0,6,3630,0,7,150,0,0.0,0,118.77049180327869,00:33,0.0,0.0,0.0,
0,1443,0,6,3630,0,7,150,0,0.0,0,118.77049180327869,00:34,0.0,0.0,0.0,
0,1443,0,6,3630,0,7,150,0,0.0,0,118.77049180327869,00:35,0.0,0.0,0.0,
0,1443,0,6,3630,0,7,150,0,0.0,0,118.77049180327869,00:36,0.0,0.0,0.0,
0,1443,0,6,3630,0,7,150,0,0.0,0,118.77049180327869,00:37,0.0,0.0,0.0,
0,1443,0,6,3630,0,7,150,0,0.0,0,118.77049180327869,00:38,0.0,0.0,0.0,
0,1443,0,6,3630,0,7,150,0,0.0,0,118.77049180327869,00:39,0.0,0.0,0.0,
0,1443,0,6,3630,0,7,150,0,0.0,0,118.77049180327869,00:40,0.0,0.0,0.0,
0,1443,0,6,3630,0,7,150,0,0.0,0,118.77049180327869,00:41,0.0,0.0,0.0,
0,1443,0,6,3630,0,7,150,0,0.0,0,118.77049180327869,00:42,0.0,0.0,0.0,
0,1443,0,6,3630,0,7,150,0,0.0,0,118.77049180327869,00:43,0.0,0.0,0.0,
0,1443,0,6,3630,0,7,150,0,0.0,0,118.77049180327869,00:44,0.0,0.0,0.0,
0,1443,0,6,3630,0,7,150,0,0.0,0,118.77049180327869,00:45,0.0,0.0,0.0,
0,1443,0,6,3630,0,7,150,0,0.0,0,118.77049180327869,00:46,0.0,0.0,0.0,
0,1443,0,6,3630,0,7,150,0,0.0,0,118.77049180327869,00:47,0.0,0.0,0.0,
0,1443,0,6,3630,0,7,150,0,0.0,0,118.77049180327869,00:48,0.0,0.0,0.0,
0,1443,0,6,3630,0,7,150,0,0.0,0,118.77049180327869,00:49,0.0,0.0,0.0,
0,1443,0,6,3630,0,7,150,0,0.0,0,118.77049180327869,00:50,0.0,0.0,0.0,
0,1443,0,6,3630,0,7,150,0,0.0,0,118.77049180327869,00:51,0.0,0.0,0.0,
0,1443,0,6,3630,0,7,150,0,0.0,0,118.77049180327869,00:52,0.0,0.0,0.0,
0,1443,0,6,3630,0,7,150,0,0.0,0,118.77049180327869,00:53,0.0,0.0,0.0,
0,1443,0,6,3630,0,7,150,0,0.0,0,118.77049180327869,00:54,0.0,0.0,0.0,
0,1443,0,6,3630,0,7,150,0,0.0,0,118.77049180327869,00:55,0.0,0.0,0.0,
0,1443,0,6,3630,0,7,150,0,0.0,0,118.77049180327869,00:56,0.0,0.0,0.0,
0,1443,0,6,3630,0,7,150,0,0.0,0,118.77049180327869,00:57,0.0,0.0,0.0,
0,1443,0,6,3630,0,7,150,0,0.0,0,118.77049180327869,00:58,0.0,0.0,0.0,
0,1443,0,6,3630,0,7,150,0,0.0,0,118.77049180327869,00:59,0.0,0.0,0.0,
0,1443,0,6,3630,0,7,150,0,0.0,0,118.77049180327869,01:00,0.0,0.0,0.0,
0,1443,0,6,3630,0,7,150,0,0.0,0,118.77049180327869,01:01,0.0,0.0,0.0,
0,1443,0,6,3630,0,7,150,0,0.0,0,118.77049180327869,01:02,0.0,0.0,0.0,
0,1443,0,6,3630,0,7,150,0,0.0,0,118.77049180327869,01:03,0.0,0.0,0.0,
0,1443,0,6,3630,0,7,150,0,0.0,0,118.77049180327869,01:04,0.0,0.0,0.0,
0,1443,0,6,3630,0,7,150,0,0.0,0,118.77049180327869,01:05,0.0,0.0,0.0,
0,1443,0,6,3630,0,7,150,0,0.0,0,118.77049180327869,01:06,0.0,0.0,0.0,
0,1443,0,6,3630,0,7,150,0,0.0,0,118.77049180327869,01:07,0.0,0.0,0.0,
0,1443,0,6,3630,0,7,150,0,0.0,0,118.77049180327869,01:08,0.0,0.0,0.0,
0,1443,0,6,3630,0,7,150,0,0.0,0,118.77049180327869,01:09,0.0,0.0,0.0,
0,1443,0,6,3630,0,7,150,0,0.0,0,118.77049180327869,01:10,0.0,0.0,0.0,
0,1443,0,6,3630,0,7,300,0,0.0,0,117.54098360655738,01:11,0.0,0.0,0.0,
0,1443,0,6,3630,0,7,300,0,0.0,0,117.54098360655738,01:12,0.0,0.0,0.0,
0,1443,0,6,3630,0,7,150,0,0.0,0,118.77049180327869,01:13,0.0,0.0,0.0,
0,1443,0,6,3630,0,7,150,0,0.0,0,118.77049180327869,01:14,0.0,0.0,0.0,
0,1443,0,6,3630,0,7,150,0,0.0,0,118.77049180327869,01:15,0.0,0.0,0.0,
0,1443,0,6,3630,0,7,150,0,0.0,0,118.77049180327869,01:16,0.0,0.0,0.0,
0,1443,0,6,3630,0,7,150,0,0.0,0,118.77049180327869,01:17,0.0,0.0,0.0,
0,1443,0,6,3630,0,7,150,0,0.0,0,118.77049180327869,01:18,0.0,0.0,0.0,
0,1443,0,6,3630,0,7,150,0,0.0,0,118.77049180327869,01:20,0.0,0.0,0.0,
0,1443,0,6,3630,0,7,150,0,0.0,0,118.77049180327869,01:21,0.0,0.0,0.0,
0,1443,0,6,3630,0,7,150,0,0.0,0,118.77049180327869,01:22,0.0,0.0,0.0,
0,1443,0,6,3630,0,7,300,0,0.0,0,117.54098360655738,01:23,0.0,0.0,0.0,
0,1443,0,6,3630,0,7,300,0,0.0,0,117.54098360655738,01:24,0.0,0.0,0.0,
0,1443,0,6,3630,0,7,150,0,0.0,0,118.77049180327869,01:25,0.0,0.0,0.0,
0,1443,0,6,3630,0,7,300,0,0.0,0,117.54098360655738,01:26,0.0,0.0,0.0,
0,1443,0,6,3630,0,7,300,0,0.0,0,117.54098360655738,01:27,0.0,0.0,0.0,
0,1443,0,6,3630,0,7,300,0,0.0,0,117.54098360655738,01:28,0.0,0.0,0.0,
0,1443,0,6,3630,0,7,300,0,0.0,0,117.54098360655738,01:29,0.0,0.0,0.0,
0,1443,0,6,3630,0,7,300,0,0.0,0,117.54098360655738,01:30,0.0,0.0,0.0,
0,1443,0,6,3630,0,7,300,0,0.0,0,117.54098360655738,01:31,0.0,0.0,0.0,
0,1443,0,6,3630,0,7,300,0,0.0,0,117.54098360655738,01:32,0.0,0.0,0.0,
0,1443,0,6,3630,0,7,300,0,0.0,0,117.54098360655738,01:33,0.0,0.0,0.0,
0,1443,0,6,3630,0,7,300,0,0.0,0,117.54098360655738,01:34,0.0,0.0,0.0,
0,1443,0,6,3630,0,7,300,0,0.0,0,117.54098360655738,01:35,0.0,0.0,0.0,
0,1443,0,6,3630,0,7,300,0,10.3226,0,117.54098360655738,01:36,0.0,0.0,0.0,
0,1443,0,6,3630,0,7,300,0,0.0,0,117.54098360655738,01:37,0.0,0.0,0.0,
0,1443,0,6,3630,0,7,300,0,0.0,0,117.54098360655738,01:38,0.0,0.0,0.0,
0,1443,0,6,3630,0,7,300,0,0.0,0,117.54098360655738,01:39,0.0,0.0,0.0,
0,1443,0,6,3630,0,7,300,0,0.0,0,117.54098360655738,01:40,0.0,0.0,0.0,
0,1443,0,6,3630,0,7,300,0,0.0,0,117.54098360655738,01:41,0.0,0.0,0.0,
0,1443,0,6,3630,0,7,300,0,0.0,0,117.54098360655738,01:42,0.0,0.0,0.0,
0,1443,0,6,3630,0,7,300,0,0.0,0,117.54098360655738,01:43,0.0,0.0,0.0,
0,1443,0,6,3630,0,7,300,0,0.0,0,117.54098360655738,01:44,0.0,0.0,0.0,
0,1443,0,6,3630,0,7,300,0,0.0,0,117.54098360655738,01:45,0.0,0.0,0.0,
0,1443,0,6,3630,0,7,300,0,0.0,0,117.54098360655738,01:46,0.0,0.0,0.0,
0,1443,0,6,3630,0,7,300,0,0.0,0,117.54098360655738,01:47,0.0,0.0,0.0,
0,1443,0,6,3630,0,7,300,0,0.0,0,117.54098360655738,01:48,0.0,0.0,0.0,
0,1443,0,6,3630,0,7,300,0,0.0,0,117.54098360655738,01:49,0.0,0.0,0.0,
0,1443,0,6,3630,0,7,300,0,0.0,0,117.54098360655738,01:50,0.0,0.0,0.0,
0,1443,0,6,3630,0,7,300,0,0.0,0,117.54098360655738,01:51,0.0,0.0,0.0,
0,1443,0,6,3630,0,7,300,0,0.0,0,117.54098360655738,01:52,0.0,0.0,0.0,
0,1443,0,6,3630,0,7,300,0,0.0,0,117.54098360655738,01:53,0.0,0.0,0.0,
0,1443,0,6,3630,0,7,300,0,10.3226,0,117.54098360655738,01:54,0.0,0.0,0.0,
0,1443,0,6,3630,0,7,300,0,0.0,0,117.54098360655738,01:55,0.0,0.0,0.0,
0,1443,0,6,3630,0,7,300,0,0.0,0,117.54098360655738,01:56,0.0,0.0,0.0,
0,1443,0,6,3630,0,7,300,0,0.0,0,117.54098360655738,01:57,0.0,0.0,0.0,
0,1443,0,6,3630,0,7,300,0,0.0,0,117.54098360655738,01:58,0.0,0.0,0.0,
0,1443,0,6,3630,0,7,300,0,0.0,0,117.54098360655738,01:59,0.0,0.0,0.0,
0,1443,0,6,3630,0,7,300,0,0.0,0,117.54098360655738,02:00,0.0,0.0,0.0,
0,1443,0,6,3630,0,7,300,0,0.0,0,117.54098360655738,02:01,0.0,0.0,0.0,
0,1443,0,6,3630,0,7,300,0,0.0,0,117.54098360655738,02:02,0.0,0.0,0.0,
0,1443,0,6,3630,0,7,300,0,0.0,0,117.54098360655738,02:03,0.0,0.0,0.0,
0,1443,0,6,3630,0,7,300,0,0.0,0,117.54098360655738,02:04,0.0,0.0,0.0,
0,1443,0,6,3630,0,7,300,0,0.0,0,117.54098360655738,02:05,0.0,0.0,0.0,
0,1443,0,6,3630,0,7,300,0,0.0,0,117.54098360655738,02:06,0.0,0.0,0.0,
0,1443,0,6,3630,0,7,370,0,10.3226,0,116.9672131147541,02:07,0.0,0.0,0.0,
0,1443,0,6,3630,0,7,300,0,0.0,0,117.54098360655738,02:08,0.0,0.0,0.0,
0,1443,0,6,3630,0,7,300,0,0.0,0,117.54098360655738,02:09,0.0,0.0,0.0,
0,1443,0,6,3630,0,7,375,0,0.0,0,116.92622950819673,02:10,0.0,0.0,0.0,
0,1443,0,6,3630,0,7,375,0,0.0,0,116.92622950819673,02:11,0.0,0.0,0.0,
0,1443,0,6,3630,0,7,300,0,0.0,0,117.54098360655738,02:12,0.0,0.0,0.0,
0,1443,0,6,3630,0,7,300,0,0.0,0,117.54098360655738,02:13,0.0,0.0,0.0,
0,1443,0,6,3630,0,7,300,0,0.0,0,117.54098360655738,02:14,0.0,0.0,0.0,
0,1443,0,6,3630,0,7,375,0,0.0,0,116.92622950819673,02:15,0.0,0.0,0.0,
0,1443,0,6,3630,0,7,375,0,0.0,0,116.92622950819673,02:16,0.0,0.0,0.0,
0,1443,0,6,3630,0,7,375,0,0.0,0,116.92622950819673,02:17,0.0,0.0,0.0,
0,1443,0,6,3630,0,7,375,0,0.0,0,116.92622950819673,02:18,0.0,0.0,0.0,
0,1443,0,6,3630,0,7,375,0,0.0,0,116.92622950819673,02:19,0.0,0.0,0.0,
0,1443,0,6,3630,0,7,375,0,0.0,0,116.92622950819673,02:20,0.0,0.0,0.0,
0,1443,0,6,3630,0,7,375,0,0.0,0,116.92622950819673,02:21,0.0,0.0,0.0,
0,1443,0,6,3630,0,7,375,0,0.0,0,116.92622950819673,02:22,0.0,0.0,0.0,
0,1443,0,6,3630,0,7,375,0,0.0,0,116.92622950819673,02:23,0.0,0.0,0.0,
0,1443,0,6,3630,0,7,375,0,0.0,0,116.92622950819673,02:24,0.0,0.0,0.0,
0,1443,0,6,3630,0,7,375,0,0.0,0,116.92622950819673,02:25,0.0,0.0,0.0,
0,1443,0,6,3630,0,7,375,0,0.0,0,116.92622950819673,02:26,0.0,0.0,0.0,
0,1443,0,6,3630,0,7,375,0,0.0,0,116.92622950819673,02:27,0.0,0.0,0.0,
0,1443,0,6,3630,0,7,375,0,10.3226,0,116.92622950819673,02:28,0.0,0.0,0.0,
0,1443,0,6,3630,0,7,375,0,0.0,0,116.92622950819673,02:29,0.0,0.0,0.0,
0,1443,0,6,3630,0,7,375,0,0.0,0,116.92622950819673,02:30,0.0,0.0,0.0,
0,1443,0,6,3630,0,7,375,0,0.0,0,116.92622950819673,02:31,0.0,0.0,0.0,
0,1443,0,6,3630,0,7,375,0,0.0,0,116.92622950819673,02:32,0.0,0.0,0.0,
0,1443,0,6,3630,0,7,375,0,0.0,0,116.92622950819673,02:33,0.0,0.0,0.0,
0,1443,0,6,3630,0,7,375,0,0.0,0,116.92622950819673,02:34,0.0,0.0,0.0,
0,1443,0,6,3630,0,7,375,0,0.0,0,116.92622950819673,02:35,0.0,0.0,0.0,
0,1443,0,6,3630,0,7,375,0,0.0,0,116.92622950819673,02:36,0.0,0.0,0.0,
0,1443,0,6,3630,0,7,375,0,0.0,0,116.92622950819673,02:37,0.0,0.0,0.0,
0,1443,0,6,3630,0,7,375,0,0.0,0,116.92622950819673,02:38,0.0,0.0,0.0,
0,1443,0,6,3630,0,7,375,0,0.0,0,116.92622950819673,02:39,0.0,0.0,0.0,
0,1443,0,6,3630,0,7,375,0,0.0,0,116.92622950819673,02:40,0.0,0.0,0.0,
0,1443,0,6,3630,0,7,375,0,0.0,0,116.92622950819673,02:41,0.0,0.0,0.0,
0,1443,0,6,3630,0,7,375,0,0.0,0,116.92622950819673,02:42,0.0,0.0,0.0,
0,1443,0,6,3630,0,7,375,0,0.0,0,116.92622950819673,02:43,0.0,0.0,0.0,
0,1443,0,6,3630,0,7,375,0,0.0,0,116.92622950819673,02:44,0.0,0.0,0.0,
0,1443,0,6,3630,0,7,375,0,0.0,0,116.92622950819673,02:45,0.0,0.0,0.0,
0,1443,0,6,3630,0,7,375,0,0.0,0,116.92622950819673,02:46,0.0,0.0,0.0,
0,1443,0,6,3630,0,7,375,0,0.0,0,116.92622950819673,02:47,0.0,0.0,0.0,
0,1443,0,6,3630,0,7,375,0,0.0,0,116.92622950819673,02:48,0.0,0.0,0.0,
0,1443,0,6,3630,0,7,375,0,0.0,0,116.92622950819673,02:49,0.0,0.0,0.0,
0,1443,0,6,3630,0,7,375,0,0.0,0,116.92622950819673,02:50,0.0,0.0,0.0,
0,1443,0,6,3630,0,7,375,0,0.0,0,116.92622950819673,02:51,0.0,0.0,0.0,
0,1443,0,6,3630,0,7,375,0,0.0,0,116.92622950819673,02:52,0.0,0.0,0.0,
0,1443,0,6,3630,0,7,375,0,0.0,0,116.92622950819673,02:53,0.0,0.0,0.0,
0,1443,0,6,3630,0,7,375,0,0.0,0,116.92622950819673,02:54,0.0,0.0,0.0,
0,1443,0,6,3630,0,7,375,0,0.0,0,116.92622950819673,02:55,0.0,0.0,0.0,
0,1443,0,6,3630,0,7,375,0,0.0,0,116.92622950819673,02:56,0.0,0.0,0.0,
0,1443,0,6,3630,0,7,375,0,0.0,0,116.92622950819673,02:57,0.0,0.0,0.0,
0,1443,0,6,3630,0,7,375,0,0.0,0,116.92622950819673,02:58,0.0,0.0,0.0,
0,1443,0,6,3630,0,7,375,0,0.0,0,116.92622950819673,02:59,0.0,0.0,0.0,
0,1443,0,6,3630,0,7,375,0,0.0,0,116.92622950819673,03:00,0.0,0.0,0.0,
0,1443,0,6,3630,0,7,375,0,0.0,0,116.92622950819673,03:01,0.0,0.0,0.0,
0,1443,0,6,3630,0,7,375,0,0.0,0,116.92622950819673,03:02,0.0,0.0,0.0,
0,1443,0,6,3630,0,7,375,0,0.0,0,116.92622950819673,03:04,0.0,0.0,0.0,
0,1443,0,6,3630,0,7,375,0,0.0,0,116.92622950819673,03:05,0.0,0.0,0.0,
0,1443,0,6,3630,0,7,375,0,0.0,0,116.92622950819673,03:06,0.0,0.0,0.0,
0,1443,0,6,3630,0,7,375,0,0.0,0,116.92622950819673,03:07,0.0,0.0,0.0,
0,1443,0,6,3630,0,7,375,0,0.0,0,116.92622950819673,03:08,0.0,0.0,0.0,
0,1443,0,6,3630,0,7,375,0,0.0,0,116.92622950819673,03:09,0.0,0.0,0.0,
0,1443,0,6,3630,0,7,375,0,0.0,0,116.92622950819673,03:10,0.0,0.0,0.0,
0,1443,0,6,3630,0,7,375,0,0.0,0,116.92622950819673,03:11,0.0,0.0,0.0,
0,1443,0,6,3630,0,7,375,0,0.0,0,116.92622950819673,03:12,0.0,0.0,0.0,
0,1443,0,6,3630,0,7,375,0,0.0,0,116.92622950819673,03:13,0.0,0.0,0.0,
0,1443,0,6,3630,0,7,375,0,0.0,0,116.92622950819673,03:14,0.0,0.0,0.0,
0,1443,0,6,3630,0,7,375,0,0.0,0,116.92622950819673,03:15,0.0,0.0,0.0,
0,1443,0,6,3630,0,7,375,0,0.0,0,116.92622950819673,03:16,0.0,0.0,0.0,
0,1443,0,6,3630,0,7,375,0,0.0,0,116.92622950819673,03:17,0.0,0.0,0.0,
0,1443,0,6,3630,0,7,375,0,0.0,0,116.92622950819673,03:18,0.0,0.0,0.0,
0,1443,0,6,3630,0,7,375,0,0.0,0,116.92622950819673,03:19,0.0,0.0,0.0,
0,1443,0,6,3630,0,7,375,0,0.0,0,116.92622950819673,03:20,0.0,0.0,0.0,
0,1443,0,6,3630,0,7,375,0,0.0,0,116.92622950819673,03:21,0.0,0.0,0.0,
0,1443,0,6,3630,0,7,375,0,0.0,0,116.92622950819673,03:22,0.0,0.0,0.0,
0,1443,0,6,3630,0,7,375,0,0.0,0,116.92622950819673,03:23,0.0,0.0,0.0,
0,1443,0,6,3630,0,7,375,0,0.0,0,116.92622950819673,03:24,0.0,0.0,0.0,
0,1443,0,6,3630,0,7,375,0,0.0,0,116.92622950819673,03:25,0.0,0.0,0.0,
0,1443,0,6,3630,0,7,375,0,0.0,0,116.92622950819673,03:26,0.0,0.0,0.0,
0,1443,0,6,3630,0,7,375,0,0.0,0,116.92622950819673,03:27,0.0,0.0,0.0,
0,1443,0,6,3630,0,7,375,0,0.0,0,116.92622950819673,03:28,0.0,0.0,0.0,
0,1443,0,6,3630,0,7,375,0,0.0,0,116.92622950819673,03:29,0.0,0.0,0.0,
0,1443,0,6,3630,0,7,375,0,0.0,0,116.92622950819673,03:30,0.0,0.0,0.0,
0,1443,0,6,3630,0,7,375,0,0.0,0,116.92622950819673,03:31,0.0,0.0,0.0,
0,1443,0,6,3630,0,7,375,0,0.0,0,116.92622950819673,03:32,0.0,0.0,0.0,
0,1443,0,6,3630,0,7,375,0,0.0,0,116.92622950819673,03:33,0.0,0.0,0.0,
0,1443,0,6,3630,0,7,375,0,0.0,0,116.92622950819673,03:34,0.0,0.0,0.0,
0,1443,0,6,3630,0,7,375,0,0.0,0,116.92622950819673,03:35,0.0,0.0,0.0,
0,1443,0,6,3630,0,7,375,0,0.0,0,116.92622950819673,03:36,0.0,0.0,0.0,
0,1443,0,6,3630,0,7,375,0,0.0,0,116.92622950819673,03:37,0.0,0.0,0.0,
0,1443,0,6,3630,0,7,375,0,0.0,0,116.92622950819673,03:38,0.0,0.0,0.0,
0,1443,0,6,3630,0,7,375,0,0.0,0,116.92622950819673,03:39,0.0,0.0,0.0,
0,1443,0,6,3630,0,7,375,0,0.0,0,116.92622950819673,03:40,0.0,0.0,0.0,
0,1443,0,6,3630,0,7,375,0,0.0,0,116.92622950819673,03:41,0.0,0.0,0.0,
0,1443,0,6,3630,0,7,375,0,0.0,0,116.92622950819673,03:42,0.0,0.0,0.0,
0,1443,0,6,3630,0,7,375,0,0.0,0,116.92622950819673,03:43,0.0,0.0,0.0,
0,1443,0,6,3630,0,7,375,0,0.0,0,116.92622950819673,03:44,0.0,0.0,0.0,
0,1443,0,6,3630,0,7,375,0,0.0,0,116.92622950819673,03:45,0.0,0.0,0.0,
0,1443,0,6,3630,0,7,375,0,0.0,0,116.92622950819673,03:46,0.0,0.0,0.0,
0,1443,0,6,3630,0,7,375,0,0.0,0,116.92622950819673,03:47,0.0,0.0,0.0,
0,1443,0,6,3630,0,7,375,0,0.0,0,116.92622950819673,03:48,0.0,0.0,0.0,
0,1443,0,6,3630,0,7,375,0,10.3226,0,116.92622950819673,03:49,0.0,0.0,0.0,
0,1443,0,6,3630,0,7,375,0,0.0,0,116.92622950819673,03:50,0.0,0.0,0.0,
0,1443,0,6,3630,0,7,375,0,0.0,0,116.92622950819673,03:51,0.0,0.0,0.0,
0,1443,0,6,3630,0,7,375,0,0.0,0,116.92622950819673,03:52,0.0,0.0,0.0,
0,1443,0,6,3630,0,7,375,0,0.0,0,116.92622950819673,03:53,0.0,0.0,0.0,
0,1443,0,6,3630,0,7,375,0,0.0,0,116.92622950819673,03:54,0.0,0.0,0.0,
0,1443,0,6,3630,0,7,375,0,0.0,0,116.92622950819673,03:55,0.0,0.0,0.0,
0,1443,0,6,3630,0,7,375,0,0.0,0,116.92622950819673,03:56,0.0,0.0,0.0,
0,1443,0,6,3630,0,7,375,0,0.0,0,116.92622950819673,03:57,0.0,0.0,0.0,
0,1443,0,6,3630,0,7,375,0,0.0,0,116.92622950819673,03:58,0.0,0.0,0.0,
0,1443,0,6,3630,0,7,375,0,0.0,0,116.92622950819673,03:59,0.0,0.0,0.0,
0,1443,0,6,3630,0,7,375,0,0.0,0,116.92622950819673,04:00,0.0,0.0,0.0,
0,1443,0,6,3630,0,7,375,0,0.0,0,116.92622950819673,04:01,0.0,0.0,0.0,
0,1443,0,6,3630,0,7,375,0,0.0,0,116.92622950819673,04:02,0.0,0.0,0.0,
0,1443,0,6,3630,0,7,375,0,0.0,0,116.92622950819673,04:03,0.0,0.0,0.0,
0,1443,0,6,3630,0,7,375,0,0.0,0,116.92622950819673,04:04,0.0,0.0,0.0,
0,1443,0,6,3630,0,7,375,0,0.0,0,116.92622950819673,04:05,0.0,0.0,0.0,
0,1443,0,6,3630,0,7,375,0,0.0,0,116.92622950819673,04:06,0.0,0.0,0.0,
0,1443,0,6,3630,0,7,375,0,0.0,0,116.92622950819673,04:07,0.0,0.0,0.0,
0,1443,0,6,3630,0,7,375,0,0.0,0,116.92622950819673,04:08,0.0,0.0,0.0,
0,1443,0,6,3630,0,7,375,0,0.0,0,116.92622950819673,04:09,0.0,0.0,0.0,
0,1443,0,6,3630,0,7,375,0,0.0,0,116.92622950819673,04:10,0.0,0.0,0.0,
0,1443,0,6,3630,0,7,375,0,0.0,0,116.92622950819673,04:11,0.0,0.0,0.0,
0,1443,0,6,3630,0,7,375,0,0.0,0,116.92622950819673,04:12,0.0,0.0,0.0,
0,1443,0,6,3630,0,7,375,0,0.0,0,116.92622950819673,04:13,0.0,0.0,0.0,
0,1443,0,6,3630,0,7,375,0,0.0,0,116.92622950819673,04:14,0.0,0.0,0.0,
0,1443,0,6,3630,0,7,375,0,0.0,0,116.92622950819673,04:15,0.0,0.0,0.0,
0,1443,0,6,3630,0,7,375,0,0.0,0,116.92622950819673,04:16,0.0,0.0,0.0,
0,1443,0,6,3630,0,7,375,0,0.0,0,116.92622950819673,04:17,0.0,0.0,0.0,
0,1443,0,6,3630,0,7,375,0,0.0,0,116.92622950819673,04:18,0.0,0.0,0.0,
0,1443,0,6,3630,0,7,375,0,0.0,0,116.92622950819673,04:19,0.0,0.0,0.0,
0,1443,0,6,3630,0,7,375,0,0.0,0,116.92622950819673,04:20,0.0,0.0,0.0,
0,1443,0,6,3630,0,7,375,0,0.0,0,116.92622950819673,04:21,0.0,0.0,0.0,
0,1443,0,6,3630,0,7,375,0,0.0,0,116.92622950819673,04:22,0.0,0.0,0.0,
0,1443,0,6,3630,0,7,375,0,0.0,0,116.92622950819673,04:23,0.0,0.0,0.0,
0,1443,0,6,3630,0,7,375,0,0.0,0,116.92622950819673,04:24,0.0,0.0,0.0,
0,1443,0,6,3630,0,7,375,0,0.0,0,116.92622950819673,04:25,0.0,0.0,0.0,
0,1443,0,6,3630,0,7,375,0,0.0,0,116.92622950819673,04:26,0.0,0.0,0.0,
0,1443,0,6,3630,0,7,375,0,0.0,0,116.92622950819673,04:27,0.0,0.0,0.0,
0,1443,0,6,3630,0,7,375,0,0.0,0,116.92622950819673,04:28,0.0,0.0,0.0,
0,1443,0,6,3630,0,7,375,0,0.0,0,116.92622950819673,04:29,0.0,0.0,0.0,
0,1443,0,6,3630,0,7,375,0,0.0,0,116.92622950819673,04:30,0.0,0.0,0.0,
0,1443,0,6,3630,0,7,375,0,0.0,0,116.92622950819673,04:31,0.0,0.0,0.0,
0,1443,0,6,3630,0,7,375,0,0.0,0,116.92622950819673,04:32,0.0,0.0,0.0,
0,1443,0,6,3630,0,7,375,0,0.0,0,116.92622950819673,04:33,0.0,0.0,0.0,
0,1443,0,6,3630,0,7,375,0,0.0,0,116.92622950819673,04:34,0.0,0.0,0.0,
0,1443,0,6,3630,0,7,375,0,0.0,0,116.92622950819673,04:35,0.0,0.0,0.0,
0,1443,0,6,3630,0,7,375,0,0.0,0,116.92622950819673,04:36,0.0,0.0,0.0,
0,1443,0,6,3630,0,7,375,0,0.0,0,116.92622950819673,04:37,0.0,0.0,0.0,
0,1443,0,6,3630,0,7,375,0,0.0,0,116.92622950819673,04:38,0.0,0.0,0.0,
0,1443,0,6,3630,0,7,375,0,0.0,0,116.92622950819673,04:39,0.0,0.0,0.0,
0,1443,0,6,3630,0,7,375,0,0.0,0,116.92622950819673,04:40,0.0,0.0,0.0,
0,1443,0,6,3630,0,7,375,0,0.0,0,116.92622950819673,04:41,0.0,0.0,0.0,
0,1443,0,6,3630,0,7,375,0,10.3226,0,116.92622950819673,04:42,0.0,0.0,0.0,
0,1443,0,6,3630,0,7,375,0,0.0,0,116.92622950819673,04:43,0.0,0.0,0.0,
0,1443,0,6,3630,0,7,375,0,0.0,0,116.92622950819673,04:44,0.0,0.0,0.0,
0,1443,0,6,3630,0,7,375,0,0.0,0,116.92622950819673,04:45,0.0,0.0,0.0,
0,1443,0,6,3630,0,7,375,0,0.0,0,116.92622950819673,04:46,0.0,0.0,0.0,
0,1443,0,6,3630,0,7,375,0,0.0,0,116.92622950819673,04:47,0.0,0.0,0.0,
0,1443,0,6,3630,0,7,375,0,0.0,0,116.92622950819673,04:49,0.0,0.0,0.0,
0,1443,0,6,3630,0,7,375,0,0.0,0,116.92622950819673,04:50,0.0,0.0,0.0,
0,1443,0,6,3630,0,7,450,0,0.0,0,116.31147540983606,04:51,0.0,0.0,0.0,
0,1443,0,6,3630,0,7,375,0,0.0,0,116.92622950819673,04:52,0.0,0.0,0.0,
0,1443,0,6,3630,0,7,375,0,0.0,0,116.92622950819673,04:53,0.0,0.0,0.0,
0,1443,0,6,3630,0,7,375,0,0.0,0,116.92622950819673,04:54,0.0,0.0,0.0,
0,1443,0,6,3630,0,7,375,0,0.0,0,116.92622950819673,04:55,0.0,0.0,0.0,
0,1443,0,6,3630,0,7,375,0,0.0,0,116.92622950819673,04:56,0.0,0.0,0.0,
0,1443,0,6,3630,0,7,375,0,0.0,0,116.92622950819673,04:57,0.0,0.0,0.0,
0,1443,0,6,3630,0,7,375,0,0.0,0,116.92622950819673,04:58,0.0,0.0,0.0,
0,1443,0,6,3630,0,7,375,0,10.3226,0,116.92622950819673,04:59,0.0,0.0,0.0,
0,1443,0,6,3630,0,7,375,0,0.0,0,116.92622950819673,05:00,0.0,0.0,0.0,
0,1443,0,6,3630,0,7,375,0,0.0,0,116.92622950819673,05:01,0.0,0.0,0.0,
0,1443,0,6,3630,0,7,375,0,0.0,0,116.92622950819673,05:02,0.0,0.0,0.0,
0,1443,0,6,3630,0,7,375,0,0.0,0,116.92622950819673,05:03,0.0,0.0,0.0,
0,1443,0,6,3630,0,7,375,0,0.0,0,116.92622950819673,05:04,0.0,0.0,0.0,
0,1443,0,6,3630,0,7,375,0,0.0,0,116.92622950819673,05:05,0.0,0.0,0.0,
0,1443,0,6,3630,0,7,375,0,0.0,0,116.92622950819673,05:06,0.0,0.0,0.0,
0,1443,0,6,3630,0,7,375,0,0.0,0,116.92622950819673,05:07,0.0,0.0,0.0,
0,1443,0,6,3630,0,7,375,0,0.0,0,116.92622950819673,05:08,0.0,0.0,0.0,
0,1443,0,6,3630,0,7,375,0,0.0,0,116.92622950819673,05:09,0.0,0.0,0.0,
0,1443,0,6,3630,0,7,375,0,0.0,0,116.92622950819673,05:10,0.0,0.0,0.0,
0,1443,0,6,3630,0,7,375,0,0.0,0,116.92622950819673,05:11,0.0,0.0,0.0,
0,1443,0,6,3630,0,7,375,0,0.0,0,116.92622950819673,05:12,0.0,0.0,0.0,
0,1443,0,6,3630,0,7,375,0,0.0,0,116.92622950819673,05:13,0.0,0.0,0.0,
0,1443,0,6,3630,0,7,375,0,0.0,0,116.92622950819673,05:14,0.0,0.0,0.0,
0,1443,0,6,3630,0,7,375,0,0.0,0,116.92622950819673,05:15,0.0,0.0,0.0,
0,1443,0,6,3630,0,7,450,0,0.0,0,116.31147540983606,05:16,0.0,0.0,0.0,
0,1443,0,6,3630,0,7,450,0,0.0,0,116.31147540983606,05:17,0.0,0.0,0.0,
0,1443,0,6,3630,0,7,450,0,0.0,0,116.31147540983606,05:18,0.0,0.0,0.0,
0,1443,0,6,3630,0,7,450,0,0.0,0,116.31147540983606,05:19,0.0,0.0,0.0,
0,1443,0,6,3630,0,7,450,0,0.0,0,116.31147540983606,05:20,0.0,0.0,0.0,
0,1443,0,6,3630,0,7,450,0,0.0,0,116.31147540983606,05:21,0.0,0.0,0.0,
0,1443,0,6,3630,0,7,450,0,0.0,0,116.31147540983606,05:22,0.0,0.0,0.0,
0,1443,0,6,3630,0,7,450,0,0.0,0,116.31147540983606,05:23,0.0,0.0,0.0,
0,1443,0,6,3630,0,7,450,0,0.0,0,116.31147540983606,05:24,0.0,0.0,0.0,
0,1443,0,6,3630,0,7,450,0,0.0,0,116.31147540983606,05:25,0.0,0.0,0.0,
0,1443,0,6,3630,0,7,450,0,0.0,0,116.31147540983606,05:26,0.0,0.0,0.0,
0,1443,0,6,3630,0,7,450,0,0.0,0,116.31147540983606,05:27,0.0,0.0,0.0,
0,1443,0,6,3630,0,7,450,0,0.0,0,116.31147540983606,05:28,0.0,0.0,0.0,
0,1443,0,6,3630,0,7,450,0,0.0,0,116.31147540983606,05:29,0.0,0.0,0.0,
0,1443,0,6,3630,0,7,450,0,0.0,0,116.31147540983606,05:30,0.0,0.0,0.0,
0,1443,0,6,3630,0,7,450,0,0.0,0,116.31147540983606,05:31,0.0,0.0,0.0,
0,1443,0,6,3630,0,7,450,0,0.0,0,116.31147540983606,05:32,0.0,0.0,0.0,
0,1443,0,6,3630,0,7,450,0,0.0,0,116.31147540983606,05:33,0.0,0.0,0.0,
0,1443,0,6,3630,0,7,450,0,0.0,0,116.31147540983606,05:34,0.0,0.0,0.0,
0,1443,0,6,3630,0,7,450,0,0.0,0,116.31147540983606,05:35,0.0,0.0,0.0,
0,1443,0,6,3630,0,7,450,0,0.0,0,116.31147540983606,05:36,0.0,0.0,0.0,
0,1443,0,6,3630,0,7,450,0,0.0,0,116.31147540983606,05:37,0.0,0.0,0.0,
0,1443,0,6,3630,0,7,450,0,0.0,0,116.31147540983606,05:38,0.0,0.0,0.0,
0,1443,0,6,3630,0,7,450,0,0.0,0,116.31147540983606,05:39,0.0,0.0,0.0,
0,1443,0,6,3630,0,7,450,0,0.0,0,116.31147540983606,05:40,0.0,0.0,0.0,
0,1443,0,6,3630,0,7,450,0,0.0,0,116.31147540983606,05:41,0.0,0.0,0.0,
0,1443,0,6,3630,0,7,450,0,0.0,0,116.31147540983606,05:42,0.0,0.0,0.0,
0,1443,0,6,3630,0,7,450,0,0.0,0,116.31147540983606,05:43,0.0,0.0,0.0,
0,1443,0,6,3630,0,7,450,0,0.0,0,116.31147540983606,05:44,0.0,0.0,0.0,
0,1443,0,6,3630,0,7,450,0,0.0,0,116.31147540983606,05:45,0.0,0.0,0.0,
0,1443,0,6,3630,0,7,450,0,0.0,0,116.31147540983606,05:46,0.0,0.0,0.0,
0,1443,0,6,3630,0,7,450,0,0.0,0,116.31147540983606,05:47,0.0,0.0,0.0,
0,1443,0,6,3630,0,7,450,0,0.0,0,116.31147540983606,05:48,0.0,0.0,0.0,
0,1443,0,6,3630,0,7,450,0,0.0,0,116.31147540983606,05:49,0.0,0.0,0.0,
0,1443,0,6,3630,0,7,450,0,0.0,0,116.31147540983606,05:50,0.0,0.0,0.0,
0,1443,0,6,3630,0,7,450,0,0.0,0,116.31147540983606,05:51,0.0,0.0,0.0,
0,1443,0,6,3630,0,7,450,0,0.0,0,116.31147540983606,05:52,0.0,0.0,0.0,
0,1443,0,6,3630,0,7,450,0,0.0,0,116.31147540983606,05:53,0.0,0.0,0.0,
0,1443,0,6,3630,0,7,450,0,0.0,0,116.31147540983606,05:54,0.0,0.0,0.0,
0,1443,0,6,3630,0,7,450,0,0.0,0,116.31147540983606,05:55,0.0,0.0,0.0,
0,1443,0,6,3630,0,7,450,0,0.0,0,116.31147540983606,05:56,0.0,0.0,0.0,
0,1443,0,6,3630,0,7,450,0,0.0,0,116.31147540983606,05:57,0.0,0.0,0.0,
0,1443,0,6,3630,0,7,450,0,0.0,0,116.31147540983606,05:58,0.0,0.0,0.0,
0,1443,0,6,3630,0,7,450,0,0.0,0,116.31147540983606,05:59,0.0,0.0,0.0,
0,1443,0,6,3630,0,7,450,0,0.0,0,116.31147540983606,06:00,0.0,0.0,0.0,
0,1443,0,6,3630,0,7,450,0,0.0,0,116.31147540983606,06:01,0.0,0.0,0.0,
0,1443,0,6,3630,0,7,450,0,0.0,0,116.31147540983606,06:02,0.0,0.0,0.0,
0,1443,0,6,3630,0,7,450,0,0.0,0,116.31147540983606,06:03,0.0,0.0,0.0,
0,1443,0,6,3630,0,7,450,0,0.0,0,116.31147540983606,06:04,0.0,0.0,0.0,
0,1443,0,6,3630,0,7,450,0,0.0,0,116.31147540983606,06:05,0.0,0.0,0.0,
0,1443,0,6,3630,0,7,450,0,0.0,0,116.31147540983606,06:06,0.0,0.0,0.0,
0,1443,0,6,3630,0,7,450,0,0.0,0,116.31147540983606,06:07,0.0,0.0,0.0,
0,1443,0,6,3630,0,7,450,0,0.0,0,116.31147540983606,06:08,0.0,0.0,0.0,
0,1443,0,6,3630,0,7,450,0,0.0,0,116.31147540983606,06:09,0.0,0.0,0.0,
0,1443,0,6,3630,0,7,450,0,0.0,0,116.31147540983606,06:10,0.0,0.0,0.0,
0,1443,0,6,3630,0,7,450,0,0.0,0,116.31147540983606,06:11,0.0,0.0,0.0,
0,1443,0,6,3630,0,7,450,0,0.0,0,116.31147540983606,06:12,0.0,0.0,0.0,
0,1443,0,6,3630,0,7,450,0,0.0,0,116.31147540983606,06:13,0.0,0.0,0.0,
0,1443,0,6,3630,0,7,450,0,0.0,0,116.31147540983606,06:14,0.0,0.0,0.0,
0,1443,0,6,3630,0,7,450,0,0.0,0,116.31147540983606,06:15,0.0,0.0,0.0,
0,1443,0,6,3630,0,7,450,0,0.0,0,116.31147540983606,06:16,0.0,0.0,0.0,
0,1443,0,6,3630,0,7,450,0,0.0,0,116.31147540983606,06:17,0.0,0.0,0.0,
0,1443,0,6,3630,0,7,450,0,0.0,0,116.31147540983606,06:18,0.0,0.0,0.0,
0,1443,0,6,3630,0,7,450,0,0.0,0,116.31147540983606,06:19,0.0,0.0,0.0,
0,1443,0,6,3630,0,7,450,0,0.0,0,116.31147540983606,06:20,0.0,0.0,0.0,
0,1443,0,6,3630,0,7,450,0,0.0,0,116.31147540983606,06:21,0.0,0.0,0.0,
0,1443,0,6,3630,0,7,450,0,0.0,0,116.31147540983606,06:22,0.0,0.0,0.0,
0,1443,0,6,3630,0,7,450,0,0.0,0,116.31147540983606,06:23,0.0,0.0,0.0,
0,1443,0,6,3630,0,7,450,0,0.0,0,116.31147540983606,06:24,0.0,0.0,0.0,
0,1443,0,6,3630,0,7,450,0,0.0,0,116.31147540983606,06:25,0.0,0.0,0.0,
0,1443,0,6,3630,0,7,450,0,0.0,0,116.31147540983606,06:26,0.0,0.0,0.0,
0,1443,0,6,3630,0,7,450,0,10.3226,0,116.31147540983606,06:27,0.0,0.0,0.0,
0,1443,0,6,3630,0,7,450,0,0.0,0,116.31147540983606,06:28,0.0,0.0,0.0,
0,1443,0,6,3630,0,7,450,0,0.0,0,116.31147540983606,06:29,0.0,0.0,0.0,
0,1443,0,6,3630,0,7,450,0,0.0,0,116.31147540983606,06:30,0.0,0.0,0.0,
0,1443,0,6,3630,0,7,450,0,0.0,0,116.31147540983606,06:31,0.0,0.0,0.0,
0,1443,0,6,3630,0,7,450,0,0.0,0,116.31147540983606,06:32,0.0,0.0,0.0,
0,1443,0,6,3630,0,7,450,0,0.0,0,116.31147540983606,06:34,0.0,0.0,0.0,
0,1443,0,6,3630,0,7,450,0,0.0,0,116.31147540983606,06:35,0.0,0.0,0.0,
0,1443,0,6,3630,0,7,450,0,0.0,0,116.31147540983606,06:36,0.0,0.0,0.0,
0,1443,0,6,3630,0,7,450,0,0.0,0,116.31147540983606,06:37,0.0,0.0,0.0,
0,1443,0,6,3630,0,7,450,0,0.0,0,116.31147540983606,06:38,0.0,0.0,0.0,
0,1443,0,6,3630,0,7,450,0,0.0,0,116.31147540983606,06:39,0.0,0.0,0.0,
0,1443,0,6,3630,0,7,450,0,0.0,0,116.31147540983606,06:40,0.0,0.0,0.0,
0,1443,0,6,3630,0,7,450,0,0.0,0,116.31147540983606,06:41,0.0,0.0,0.0,
0,1443,0,6,3630,0,7,450,0,0.0,0,116.31147540983606,06:42,0.0,0.0,0.0,
0,1443,0,6,3630,0,7,450,0,0.0,0,116.31147540983606,06:43,0.0,0.0,0.0,
0,1443,0,6,3630,0,7,450,0,0.0,0,116.31147540983606,06:44,0.0,0.0,0.0,
0,1443,0,6,3630,0,7,450,0,0.0,0,116.31147540983606,06:45,0.0,0.0,0.0,
0,1443,0,6,3630,0,7,450,0,0.0,0,116.31147540983606,06:46,0.0,0.0,0.0,
0,1443,0,6,3630,0,7,750,0,51.6129,0,113.85245901639344,06:47,0.0,0.0,0.0,
0,1443,0,6,3630,0,7,975,0,41.2903,0,112.00819672131148,06:48,0.0,0.0,0.0,
0,1443,0,6,3630,0,7,1425,0,299.355,0,108.31967213114754,06:49,0.0,0.0,0.0,
0,1443,0,6,3630,0,7,1950,0,4707.1,1,104.01639344262296,06:50,0.0,0.0,0.0,
0,1531,5300,6,3630,0,7,2250,0,4758.71,1,101.55737704918033,06:51,4758.71,0.0,0.0,1.9330935241663
0,1619,5300,6,3630,0,7,2100,0,4769.03,1,102.78688524590164,06:52,9527.74,0.0,0.0,2.0225885947295548
0,1707,5300,6,3630,0,7,1950,0,4738.06,1,104.01639344262296,06:53,14265.8,0.0,0.0,2.1120836652928094
0,1883,5300,6,3630,0,7,1725,0,4758.71,1,105.86065573770492,06:54,19024.51,0.0,0.0,2.246326271137691
0,1971,5300,6,3630,0,7,1725,0,4769.03,1,105.86065573770492,06:55,23793.539999999997,0.0,0.0,2.246326271137691
0,2059,5300,6,3630,0,7,1650,0,4789.68,1,106.47540983606558,06:56,28583.219999999998,0.0,0.0,2.2910738064193183
0,2147,5300,6,3630,0,7,1575,0,4810.32,1,107.09016393442623,06:57,33393.53999999999,0.0,0.0,2.3358213417009455
0,2235,5300,6,3630,0,7,1425,0,4810.32,1,108.31967213114754,06:58,38203.85999999999,0.0,0.0,2.4253164122642
0,2323,5300,6,3630,0,7,1425,0,4769.03,1,108.31967213114754,06:59,42972.88999999999,0.0,0.0,2.4253164122642
0,2411,5300,6,3630,0,7,1350,0,4738.06,1,108.9344262295082,07:00,47710.94999999999,0.0,0.0,2.470063947545828
0,2499,5300,6,3630,0,7,1350,0,4696.77,1,108.9344262295082,07:01,52407.71999999999,0.0,0.0,2.470063947545828
0,2587,5300,6,3630,0,7,1200,0,4696.77,1,110.1639344262295,07:02,57104.48999999999,0.0,0.0,2.5595590181090815
0,2675,5300,6,3630,0,7,1125,0,4748.39,1,110.77868852459017,07:03,61852.87999999999,0.0,0.0,2.6043065533907095
0,2688,800,6,3630,0,7,975,0,402.581,1,112.00819672131148,07:04,62255.46099999999,0.0,0.0,2.693801623953964
0,2701,800,6,3630,0,7,975,0,402.581,1,112.00819672131148,07:05,62658.04199999999,0.0,0.0,2.693801623953964
0,2714,800,6,3630,0,7,975,0,402.581,1,112.00819672131148,07:06,63060.622999999985,0.0,0.0,2.693801623953964
0,2727,800,6,3630,0,7,975,0,402.581,1,112.00819672131148,07:07,63463.20399999998,0.0,0.0,2.693801623953964
0,2740,800,6,3630,0,7,975,0,402.581,1,112.00819672131148,07:08,63865.78499999998,0.0,0.0,2.693801623953964
0,2753,800,6,3630,0,7,975,0,402.581,1,112.00819672131148,07:09,64268.36599999998,0.0,0.0,2.693801623953964
0,2766,800,6,3630,0,7,975,0,402.581,1,112.00819672131148,07:10,64670.94699999998,0.0,0.0,2.693801623953964
0,2779,800,6,3630,0,7,975,0,402.581,1,112.00819672131148,07:11,65073.52799999998,0.0,0.0,2.693801623953964
0,2792,800,6,3630,0,7,975,0,402.581,1,112.00819672131148,07:12,65476.108999999975,0.0,0.0,2.693801623953964
0,2805,800,6,3630,0,7,975,0,402.581,1,112.00819672131148,07:13,65878.68999999997,0.0,0.0,2.693801623953964
0,2818,800,6,3630,0,7,975,0,412.903,1,112.00819672131148,07:14,66291.59299999998,0.0,0.0,2.693801623953964
0,2831,800,6,3630,0,7,900,0,402.581,1,112.62295081967213,07:15,66694.17399999998,0.0,0.0,2.738549159235591
0,2844,800,6,3630,0,7,900,0,412.903,1,112.62295081967213,07:16,67107.07699999999,0.0,0.0,2.738549159235591
0,2857,800,6,3630,0,7,900,0,402.581,1,112.62295081967213,07:17,67509.658,0.0,0.0,2.738549159235591
0,2870,800,6,3630,0,7,825,0,402.581,1,113.23770491803279,07:18,67912.239,0.0,0.0,2.783296694517219
0,2883,800,6,3630,0,7,825,0,412.903,1,113.23770491803279,07:19,68325.142,0.0,0.0,2.783296694517219
0,2896,800,6,3630,0,7,825,0,412.903,1,113.23770491803279,07:20,68738.04500000001,0.0,0.0,2.783296694517219
0,2909,800,6,3630,0,7,825,0,412.903,1,113.23770491803279,07:21,69150.94800000002,0.0,0.0,2.783296694517219
0,2922,800,6,3630,0,7,825,0,412.903,1,113.23770491803279,07:22,69563.85100000002,0.0,0.0,2.783296694517219
0,2935,800,6,3630,0,7,825,0,412.903,1,113.23770491803279,07:23,69976.75400000003,0.0,0.0,2.783296694517219
0,2948,800,6,3630,0,7,750,0,412.903,1,113.85245901639344,07:24,70389.65700000004,0.0,0.0,2.8280442297988455
0,2961,800,6,3630,0,7,750,0,412.903,1,113.85245901639344,07:25,70802.56000000004,0.0,0.0,2.8280442297988455
0,2974,800,6,3630,0,7,750,0,412.903,1,113.85245901639344,07:26,71215.46300000005,0.0,0.0,2.8280442297988455
0,2987,800,6,3630,0,7,750,0,412.903,1,113.85245901639344,07:27,71628.36600000005,0.0,0.0,2.8280442297988455
0,3000,800,6,3630,0,7,750,0,423.226,1,113.85245901639344,07:28,72051.59200000005,0.0,0.0,2.8280442297988455
0,3013,800,6,3630,0,7,600,0,412.903,1,115.08196721311475,07:29,72464.49500000005,0.0,0.0,2.9175393003621
0,3026,800,6,3630,0,7,600,0,412.903,1,115.08196721311475,07:30,72877.39800000006,0.0,0.0,2.9175393003621
0,3039,800,6,3630,0,7,600,0,412.903,1,115.08196721311475,07:31,73290.30100000006,0.0,0.0,2.9175393003621
0,3052,800,6,3630,0,7,600,0,423.226,1,115.08196721311475,07:32,73713.52700000006,0.0,0.0,2.9175393003621
0,3065,800,6,3630,0,7,600,0,423.226,1,115.08196721311475,07:33,74136.75300000006,0.0,0.0,2.9175393003621
0,3078,800,6,3630,0,7,600,0,423.226,1,115.08196721311475,07:34,74559.97900000005,0.0,0.0,2.9175393003621
0,3091,800,6,3630,0,7,600,0,423.226,1,115.08196721311475,07:35,74983.20500000005,0.0,0.0,2.9175393003621
0,3104,800,6,3630,0,7,600,0,423.226,1,115.08196721311475,07:36,75406.43100000004,0.0,0.0,2.9175393003621
0,3117,800,6,3630,0,7,525,0,423.226,1,115.69672131147541,07:37,75829.65700000004,0.0,0.0,2.9622868356437277
0,3130,800,6,3630,0,7,525,0,423.226,1,115.69672131147541,07:38,76252.88300000003,0.0,0.0,2.9622868356437277
0,3143,800,6,3630,0,7,525,0,433.548,1,115.69672131147541,07:39,76686.43100000003,0.0,0.0,2.9622868356437277
0,3156,800,6,3630,0,7,525,0,423.226,1,115.69672131147541,07:40,77109.65700000002,0.0,0.0,2.9622868356437277
0,3169,800,6,3630,0,7,525,0,423.226,1,115.69672131147541,07:41,77532.88300000002,0.0,0.0,2.9622868356437277
0,3182,800,6,3630,0,7,525,0,433.548,1,115.69672131147541,07:42,77966.43100000001,0.0,0.0,2.9622868356437277
0,3195,800,6,3630,0,7,525,0,433.548,1,115.69672131147541,07:43,78399.979,0.0,0.0,2.9622868356437277
0,3208,800,6,3630,0,7,450,0,433.548,1,116.31147540983606,07:44,78833.527,0.0,0.0,3.007034370925355
0,3221,800,6,3630,0,7,450,0,433.548,1,116.31147540983606,07:45,79267.075,0.0,0.0,3.007034370925355
0,3234,800,6,3630,0,7,375,0,433.548,1,116.92622950819673,07:46,79700.62299999999,0.0,0.0,3.0517819062069824
0,3247,800,6,3630,0,7,375,0,433.548,1,116.92622950819673,07:47,80134.17099999999,0.0,0.0,3.0517819062069824
0,3260,800,6,3630,0,7,375,0,433.548,1,116.92622950819673,07:48,80567.71899999998,0.0,0.0,3.0517819062069824
0,3273,800,6,3630,0,7,375,0,433.548,1,116.92622950819673,07:49,81001.26699999998,0.0,0.0,3.0517819062069824
0,3286,800,6,3630,0,7,375,0,443.871,1,116.92622950819673,07:50,81445.13799999998,0.0,0.0,3.0517819062069824
0,3299,800,6,3630,0,7,375,0,443.871,1,116.92622950819673,07:51,81889.00899999998,0.0,0.0,3.0517819062069824
0,3312,800,6,3630,0,7,225,0,433.548,1,118.15573770491804,07:52,82322.55699999997,0.0,0.0,3.1412769767702375
0,3325,800,6,3630,0,7,225,0,443.871,1,118.15573770491804,07:53,82766.42799999997,0.0,0.0,3.1412769767702375
0,3338,800,6,3630,0,7,225,0,433.548,1,118.15573770491804,07:54,83199.97599999997,0.0,0.0,3.1412769767702375
0,3351,800,6,3630,0,7,225,0,443.871,1,118.15573770491804,07:55,83643.84699999997,0.0,0.0,3.1412769767702375
0,3364,800,6,3630,0,7,225,0,443.871,1,118.15573770491804,07:56,84087.71799999996,0.0,0.0,3.1412769767702375
0,3377,800,6,3630,0,7,225,0,443.871,1,118.15573770491804,07:57,84531.58899999996,0.0,0.0,3.1412769767702375
0,3390,800,6,3630,0,7,225,0,443.871,1,118.15573770491804,07:58,84975.45999999996,0.0,0.0,3.1412769767702375
0,3403,800,6,3630,0,7,225,0,443.871,1,118.15573770491804,07:59,85419.33099999996,0.0,0.0,3.1412769767702375
0,3416,800,6,3630,0,7,75,0,443.871,1,119.38524590163935,08:00,85863.20199999996,0.0,0.0,3.2307720473334918
0,3429,800,6,3630,0,7,75,0,443.871,1,119.38524590163935,08:01,86307.07299999996,0.0,0.0,3.2307720473334918
0,3442,800,6,3630,0,7,75,0,443.871,1,119.38524590163935,08:02,86750.94399999996,0.0,0.0,3.2307720473334918
0,3455,800,6,3630,0,7,75,0,443.871,1,119.38524590163935,08:03,87194.81499999996,0.0,0.0,3.2307720473334918
0,3468,800,6,3630,0,7,75,0,443.871,1,119.38524590163935,08:04,87638.68599999996,0.0,0.0,3.2307720473334918
0,3481,800,6,3630,0,7,75,0,443.871,1,119.38524590163935,08:05,88082.55699999996,0.0,0.0,3.2307720473334918
0,3494,800,6,3630,0,7,0,0,443.871,1,120.0,08:06,88526.42799999996,0.0,0.0,3.275519582615119
0,3507,800,6,3630,0,7,0,0,443.871,1,120.0,08:07,88970.29899999996,0.0,0.0,3.275519582615119
0,3520,800,6,3630,0,7,0,0,443.871,1,120.0,08:08,89414.16999999995,0.0,0.0,3.275519582615119
0,3533,800,6,3630,0,7,0,0,454.194,1,120.0,08:09,89868.36399999996,0.0,0.0,3.275519582615119
0,3546,800,6,3630,0,7,0,0,454.194,1,120.0,08:10,90322.55799999996,0.0,0.0,3.275519582615119
0,3559,800,6,3630,0,7,0,0,443.871,1,120.0,08:11,90766.42899999996,0.0,0.0,3.275519582615119
0,3572,800,6,3630,0,7,0,0,454.194,1,120.0,08:12,91220.62299999996,0.0,0.0,3.275519582615119
0,3585,800,6,3630,0,7,0,0,454.194,1,120.0,08:13,91674.81699999997,0.0,0.0,3.275519582615119
0,3598,800,6,3630,0,7,0,0,454.194,1,120.0,08:14,92129.01099999997,0.0,0.0,3.275519582615119
0,3611,800,6,3630,0,7,0,0,454.194,1,120.0,08:15,92583.20499999997,0.0,0.0,3.275519582615119
0,3624,800,6,3630,0,7,0,0,454.194,1,120.0,08:16,93037.39899999998,0.0,0.0,3.275519582615119
0,3637,800,6,3630,0,7,0,0,454.194,1,120.0,08:18,93491.59299999998,0.0,0.0,3.275519582615119
0,3650,800,6,3630,0,7,0,0,464.516,1,120.0,08:19,93956.10899999998,0.0,0.0,3.275519582615119
0,3663,800,6,3630,0,7,0,0,454.194,1,120.0,08:20,94410.30299999999,0.0,0.0,3.275519582615119
0,3676,800,6,3630,0,7,0,0,454.194,1,120.0,08:21,94864.49699999999,0.0,0.0,3.275519582615119
0,3689,800,6,3630,0,7,0,0,454.194,1,120.0,08:22,95318.69099999999,0.0,0.0,3.275519582615119
0,3702,800,6,3630,0,7,0,0,454.194,1,120.0,08:23,95772.885,0.0,0.0,3.275519582615119
0,3715,800,6,3630,0,7,0,0,454.194,1,120.0,08:24,96227.079,0.0,0.0,3.275519582615119
0,3728,800,6,3630,0,7,0,0,454.194,1,120.0,08:25,96681.273,0.0,0.0,3.275519582615119
0,3741,800,6,3630,0,7,0,0,454.194,1,120.0,08:26,97135.467,0.0,0.0,3.275519582615119
0,3754,800,6,3630,0,7,0,0,464.516,1,120.0,08:27,97599.98300000001,0.0,0.0,3.275519582615119
0,3767,800,6,3630,0,7,0,0,464.516,1,120.0,08:28,98064.49900000001,0.0,0.0,3.275519582615119
0,3780,800,6,3630,0,7,0,0,464.516,1,120.0,08:29,98529.01500000001,0.0,0.0,3.275519582615119
0,3793,800,6,3630,0,7,0,0,454.194,1,120.0,08:30,98983.20900000002,0.0,0.0,3.275519582615119
0,3806,800,6,3630,0,7,0,0,41.2903,0,120.0,08:31,99024.49930000001,0.0,0.0,3.275519582615119
0,3806,0,6,3630,0,7,0,0,30.9677,0,120.0,08:32,99055.467,0.0,0.0,3.275519582615119
0,3806,0,6,3630,0,7,0,0,41.2903,0,120.0,08:33,99096.7573,0.0,0.0,3.275519582615119
0,3806,0,6,3630,0,7,0,0,0.0,0,120.0,08:34,0.0,0.0,0.0,
0,3806,0,6,3630,0,7,0,0,0.0,0,120.0,08:35,0.0,0.0,0.0,
0,3806,0,6,3630,0,7,0,0,0.0,0,120.0,08:36,0.0,0.0,0.0,
0,3806,0,6,3630,0,7,0,0,0.0,0,120.0,08:37,0.0,0.0,0.0,
0,3806,0,6,3630,0,7,0,0,0.0,0,120.0,08:38,0.0,0.0,0.0,
0,3806,0,6,3630,0,7,0,0,0.0,0,120.0,08:39,0.0,0.0,0.0,
0,3806,0,6,3630,0,7,0,0,0.0,0,120.0,08:40,0.0,0.0,0.0,
0,3806,0,6,3630,0,7,0,0,0.0,0,120.0,08:41,0.0,0.0,0.0,
0,3806,0,6,3630,0,7,0,0,0.0,0,120.0,08:42,0.0,0.0,0.0,
0,3806,0,6,3630,0,7,0,0,0.0,0,120.0,08:43,0.0,0.0,0.0,
0,3806,0,6,3630,0,7,0,0,0.0,0,120.0,08:44,0.0,0.0,0.0,
0,3806,0,6,3630,0,7,0,0,0.0,0,120.0,08:45,0.0,0.0,0.0,
0,3806,0,6,3630,0,7,0,0,0.0,0,120.0,08:46,0.0,0.0,0.0,
0,3806,0,6,3630,0,7,0,0,0.0,0,120.0,08:47,0.0,0.0,0.0,
0,3806,0,6,3630,0,7,0,0,0.0,0,120.0,08:48,0.0,0.0,0.0,
0,3806,0,6,3630,0,7,0,0,0.0,0,120.0,08:49,0.0,0.0,0.0,
0,3806,0,6,3630,0,7,0,0,0.0,0,120.0,08:50,0.0,0.0,0.0,
0,3806,0,6,3630,0,7,0,0,0.0,0,120.0,08:51,0.0,0.0,0.0,
0,3806,0,6,3630,0,7,0,0,0.0,0,120.0,08:52,0.0,0.0,0.0,
0,3806,0,6,3630,0,7,0,0,0.0,0,120.0,08:53,0.0,0.0,0.0,
0,3806,0,6,3630,0,7,0,0,0.0,0,120.0,08:54,0.0,0.0,0.0,
0,3806,0,6,3630,0,7,0,0,0.0,0,120.0,08:55,0.0,0.0,0.0,
0,3806,0,6,3630,0,7,0,0,0.0,0,120.0,08:56,0.0,0.0,0.0,
0,3806,0,6,3630,0,7,0,0,0.0,0,120.0,08:57,0.0,0.0,0.0,
0,3806,0,6,3630,0,7,0,0,0.0,0,120.0,08:58,0.0,0.0,0.0,
0,3806,0,6,3630,0,7,0,0,0.0,0,120.0,08:59,0.0,0.0,0.0,
0,3806,0,6,3630,0,7,0,0,0.0,0,120.0,09:00,0.0,0.0,0.0,
0,3806,0,6,3630,0,7,0,0,0.0,0,120.0,09:01,0.0,0.0,0.0,
0,3806,0,6,3630,0,7,0,0,0.0,0,120.0,09:02,0.0,0.0,0.0,
0,3806,0,6,3630,0,7,0,0,0.0,0,120.0,09:03,0.0,0.0,0.0,
0,3806,0,6,3630,0,7,0,0,0.0,0,120.0,09:04,0.0,0.0,0.0,
0,3806,0,6,3630,0,7,0,0,0.0,0,120.0,09:05,0.0,0.0,0.0,
0,3806,0,6,3630,0,7,0,0,0.0,0,120.0,09:06,0.0,0.0,0.0,
0,3806,0,6,3630,0,7,0,0,0.0,0,120.0,09:07,0.0,0.0,0.0,
0,3806,0,6,3630,0,7,0,0,0.0,0,120.0,09:08,0.0,0.0,0.0,
0,3806,0,6,3630,0,7,0,0,0.0,0,120.0,09:09,0.0,0.0,0.0,
0,3806,0,6,3630,0,7,0,0,0.0,0,120.0,09:10,0.0,0.0,0.0,
0,3806,0,6,3630,0,7,0,0,0.0,0,120.0,09:11,0.0,0.0,0.0,
0,3806,0,6,3630,0,7,0,0,0.0,0,120.0,09:12,0.0,0.0,0.0,
0,3806,0,6,3630,0,7,0,0,0.0,0,120.0,09:13,0.0,0.0,0.0,
0,3806,0,6,3630,0,7,0,0,0.0,0,120.0,09:14,0.0,0.0,0.0,
0,3806,0,6,3630,0,7,0,0,0.0,0,120.0,09:15,0.0,0.0,0.0,
0,3806,0,6,3630,0,7,0,0,0.0,0,120.0,09:16,0.0,0.0,0.0,
0,3806,0,6,3630,0,7,0,0,0.0,0,120.0,09:17,0.0,0.0,0.0,
0,3806,0,6,3630,0,7,0,0,0.0,0,120.0,09:18,0.0,0.0,0.0,
0,3806,0,6,3630,0,7,0,0,0.0,0,120.0,09:19,0.0,0.0,0.0,
0,3806,0,6,3630,0,7,0,0,0.0,0,120.0,09:20,0.0,0.0,0.0,
0,3806,0,6,3630,0,7,0,0,0.0,0,120.0,09:21,0.0,0.0,0.0,
0,3806,0,6,3630,0,7,0,0,0.0,0,120.0,09:22,0.0,0.0,0.0,
0,3806,0,6,3630,0,7,0,0,0.0,0,120.0,09:23,0.0,0.0,0.0,
0,3806,0,6,3630,0,7,0,0,0.0,0,120.0,09:24,0.0,0.0,0.0,
0,3806,0,6,3630,0,7,0,0,0.0,0,120.0,09:25,0.0,0.0,0.0,
0,3806,0,6,3630,0,7,0,0,0.0,0,120.0,09:26,0.0,0.0,0.0,
0,3806,0,6,3630,0,7,0,0,0.0,0,120.0,09:27,0.0,0.0,0.0,
0,3806,0,6,3630,0,7,0,0,0.0,0,120.0,09:28,0.0,0.0,0.0,
0,3806,0,6,3630,0,7,0,0,0.0,0,120.0,09:29,0.0,0.0,0.0,
0,3806,0,6,3630,0,7,0,0,0.0,0,120.0,09:30,0.0,0.0,0.0,
0,3806,0,6,3630,0,7,0,0,0.0,0,120.0,09:31,0.0,0.0,0.0,
0,3806,0,6,3630,0,7,0,0,0.0,0,120.0,09:32,0.0,0.0,0.0,
0,3806,0,6,3630,0,7,0,0,0.0,0,120.0,09:33,0.0,0.0,0.0,
0,3806,0,6,3630,0,7,0,0,0.0,0,120.0,09:34,0.0,0.0,0.0,
0,3806,0,6,3630,0,7,0,0,0.0,0,120.0,09:35,0.0,0.0,0.0,
0,3806,0,6,3630,0,7,0,0,0.0,0,120.0,09:36,0.0,0.0,0.0,
0,3806,0,6,3630,0,7,0,0,0.0,0,120.0,09:37,0.0,0.0,0.0,
0,3806,0,6,3630,0,7,0,0,0.0,0,120.0,09:38,0.0,0.0,0.0,
0,3806,0,6,3630,0,7,0,0,0.0,0,120.0,09:39,0.0,0.0,0.0,
0,3806,0,6,3630,0,7,0,0,0.0,0,120.0,09:40,0.0,0.0,0.0,
0,3806,0,6,3630,0,7,0,0,0.0,0,120.0,09:41,0.0,0.0,0.0,
0,3806,0,6,3630,0,7,0,0,0.0,0,120.0,09:42,0.0,0.0,0.0,
0,3806,0,6,3630,0,7,0,0,0.0,0,120.0,09:43,0.0,0.0,0.0,
0,3806,0,6,3630,0,7,0,0,0.0,0,120.0,09:44,0.0,0.0,0.0,
0,3806,0,6,3630,0,7,0,0,0.0,0,120.0,09:45,0.0,0.0,0.0,
0,3806,0,6,3630,0,7,0,0,0.0,0,120.0,09:46,0.0,0.0,0.0,
0,3806,0,6,3630,0,7,0,0,0.0,0,120.0,09:47,0.0,0.0,0.0,
0,3806,0,6,3630,0,7,0,0,0.0,0,120.0,09:48,0.0,0.0,0.0,
0,3806,0,6,3630,0,7,0,0,0.0,0,120.0,09:49,0.0,0.0,0.0,
0,3806,0,6,3630,0,7,0,0,0.0,0,120.0,09:50,0.0,0.0,0.0,
0,3806,0,6,3630,0,7,0,0,0.0,0,120.0,09:51,0.0,0.0,0.0,
0,3806,0,6,3630,0,7,0,0,0.0,0,120.0,09:52,0.0,0.0,0.0,
0,3806,0,6,3630,0,7,0,0,0.0,0,120.0,09:53,0.0,0.0,0.0,
0,3806,0,6,3630,0,7,0,0,0.0,0,120.0,09:54,0.0,0.0,0.0,
0,3806,0,6,3630,0,7,0,0,0.0,0,120.0,09:55,0.0,0.0,0.0,
0,3806,0,6,3630,0,7,0,0,0.0,0,120.0,09:56,0.0,0.0,0.0,
0,3806,0,6,3630,0,7,0,0,0.0,0,120.0,09:57,0.0,0.0,0.0,
0,3806,0,6,3630,0,7,0,0,0.0,0,120.0,09:58,0.0,0.0,0.0,
0,3806,0,6,3630,0,7,0,0,0.0,0,120.0,09:59,0.0,0.0,0.0,
0,3806,0,6,3630,0,7,0,0,0.0,0,120.0,10:00,0.0,0.0,0.0,
0,3806,0,6,3630,0,7,0,0,0.0,0,120.0,10:01,0.0,0.0,0.0,
0,3806,0,6,3630,0,7,0,0,0.0,0,120.0,10:03,0.0,0.0,0.0,
0,3806,0,6,3630,0,7,0,0,0.0,0,120.0,10:04,0.0,0.0,0.0,
0,3806,0,6,3630,0,7,0,0,0.0,0,120.0,10:05,0.0,0.0,0.0,
0,3806,0,6,3630,0,7,0,0,0.0,0,120.0,10:06,0.0,0.0,0.0,
0,3806,0,6,3630,0,7,0,0,0.0,0,120.0,10:07,0.0,0.0,0.0,
0,3806,0,6,3630,0,7,0,0,0.0,0,120.0,10:08,0.0,0.0,0.0,
0,3806,0,6,3630,0,7,0,0,0.0,0,120.0,10:09,0.0,0.0,0.0,
0,3806,0,6,3630,0,7,0,0,0.0,0,120.0,10:10,0.0,0.0,0.0,
0,3806,0,6,3630,0,7,0,0,0.0,0,120.0,10:11,0.0,0.0,0.0,
0,3806,0,6,3630,0,7,0,0,0.0,0,120.0,10:12,0.0,0.0,0.0,
0,3806,0,6,3630,0,7,0,0,0.0,0,120.0,10:13,0.0,0.0,0.0,
0,3806,0,6,3630,0,7,0,0,0.0,0,120.0,10:14,0.0,0.0,0.0,
0,3806,0,6,3630,0,7,0,0,0.0,0,120.0,10:15,0.0,0.0,0.0,
0,3806,0,6,3630,0,7,0,0,0.0,0,120.0,10:16,0.0,0.0,0.0,
0,3806,0,6,3630,0,7,0,0,0.0,0,120.0,10:17,0.0,0.0,0.0,
0,3806,0,6,3630,0,7,0,0,0.0,0,120.0,10:18,0.0,0.0,0.0,
0,3806,0,6,3630,0,7,0,0,0.0,0,120.0,10:19,0.0,0.0,0.0,
0,3806,0,6,3630,0,7,0,0,0.0,0,120.0,10:20,0.0,0.0,0.0,
0,3806,0,6,3630,0,7,0,0,0.0,0,120.0,10:21,0.0,0.0,0.0,
0,3806,0,6,3630,0,7,0,0,0.0,0,120.0,10:22,0.0,0.0,0.0,
0,3806,0,6,3630,0,7,0,0,0.0,0,120.0,10:23,0.0,0.0,0.0,
0,3806,0,6,3630,0,7,0,0,0.0,0,120.0,10:24,0.0,0.0,0.0,
0,3806,0,6,3630,0,7,0,0,0.0,0,120.0,10:25,0.0,0.0,0.0,
0,3806,0,6,3630,0,7,0,0,0.0,0,120.0,10:26,0.0,0.0,0.0,
0,3806,0,6,3630,0,7,0,0,0.0,0,120.0,10:27,0.0,0.0,0.0,
0,3806,0,6,3630,0,7,0,0,0.0,0,120.0,10:28,0.0,0.0,0.0,
0,3806,0,6,3630,0,7,0,0,0.0,0,120.0,10:29,0.0,0.0,0.0,
0,3806,0,6,3630,0,7,0,0,0.0,0,120.0,10:30,0.0,0.0,0.0,
0,3806,0,6,3630,0,7,0,0,0.0,0,120.0,10:31,0.0,0.0,0.0,
0,3806,0,6,3630,0,7,0,0,10.3226,0,120.0,10:32,0.0,0.0,0.0,
0,3806,0,6,3630,0,7,0,0,0.0,0,120.0,10:33,0.0,0.0,0.0,
0,3806,0,6,3630,0,7,0,0,0.0,0,120.0,10:34,0.0,0.0,0.0,
0,3806,0,6,3630,0,7,0,0,0.0,0,120.0,10:35,0.0,0.0,0.0,
0,3806,0,6,3630,0,7,0,0,0.0,0,120.0,10:36,0.0,0.0,0.0,
0,3806,0,6,3630,0,7,0,0,0.0,0,120.0,10:37,0.0,0.0,0.0,
0,3806,0,6,3630,0,7,0,0,0.0,0,120.0,10:38,0.0,0.0,0.0,
0,3806,0,6,3630,0,7,0,0,0.0,0,120.0,10:39,0.0,0.0,0.0,
0,3806,0,6,3630,0,7,0,0,0.0,0,120.0,10:40,0.0,0.0,0.0,
0,3806,0,6,3630,0,7,0,0,0.0,0,120.0,10:41,0.0,0.0,0.0,
0,3806,0,6,3630,0,7,0,0,0.0,0,120.0,10:42,0.0,0.0,0.0,
0,3806,0,6,3630,0,7,0,0,0.0,0,120.0,10:43,0.0,0.0,0.0,
0,3806,0,6,3630,0,7,0,0,0.0,0,120.0,10:44,0.0,0.0,0.0,
0,3806,0,6,3630,0,7,0,0,0.0,0,120.0,10:45,0.0,0.0,0.0,
0,3806,0,6,3630,0,7,0,0,0.0,0,120.0,10:46,0.0,0.0,0.0,
0,3806,0,6,3630,0,7,0,0,0.0,0,120.0,10:47,0.0,0.0,0.0,
0,3806,0,6,3630,0,7,0,0,0.0,0,120.0,10:48,0.0,0.0,0.0,
0,3806,0,6,3630,0,7,0,0,0.0,0,120.0,10:49,0.0,0.0,0.0,
0,3806,0,6,3630,0,7,0,0,0.0,0,120.0,10:50,0.0,0.0,0.0,
0,3806,0,6,3630,0,7,0,0,0.0,0,120.0,10:51,0.0,0.0,0.0,
0,3806,0,6,3630,0,7,0,0,0.0,0,120.0,10:52,0.0,0.0,0.0,
0,3806,0,6,3630,0,7,0,0,0.0,0,120.0,10:53,0.0,0.0,0.0,
0,3806,0,6,3630,0,7,0,0,0.0,0,120.0,10:54,0.0,0.0,0.0,
0,3806,0,6,3630,0,7,0,0,0.0,0,120.0,10:55,0.0,0.0,0.0,
0,3806,0,6,3630,0,7,0,0,0.0,0,120.0,10:56,0.0,0.0,0.0,
0,3806,0,6,3630,0,7,0,0,0.0,0,120.0,10:57,0.0,0.0,0.0,
0,3806,0,6,3630,0,7,0,0,0.0,0,120.0,10:58,0.0,0.0,0.0,
0,3806,0,6,3630,0,7,0,0,0.0,0,120.0,10:59,0.0,0.0,0.0,
0,3806,0,6,3630,0,7,0,0,0.0,0,120.0,11:00,0.0,0.0,0.0,
0,3806,0,6,3630,0,7,0,0,0.0,0,120.0,11:01,0.0,0.0,0.0,
0,3806,0,6,3630,0,7,0,0,0.0,0,120.0,11:02,0.0,0.0,0.0,
0,3806,0,6,3630,0,7,0,0,0.0,0,120.0,11:03,0.0,0.0,0.0,
0,3806,0,6,3630,0,7,0,0,0.0,0,120.0,11:04,0.0,0.0,0.0,
0,3806,0,6,3630,0,7,0,0,0.0,0,120.0,11:05,0.0,0.0,0.0,
0,3806,0,6,3630,0,7,0,0,0.0,0,120.0,11:06,0.0,0.0,0.0,
0,3806,0,6,3630,0,7,0,0,0.0,0,120.0,11:07,0.0,0.0,0.0,
0,3806,0,6,3630,0,7,0,0,0.0,0,120.0,11:08,0.0,0.0,0.0,
0,3806,0,6,3630,0,7,0,0,0.0,0,120.0,11:09,0.0,0.0,0.0,
0,3806,0,6,3630,0,7,0,0,0.0,0,120.0,11:10,0.0,0.0,0.0,
0,3806,0,6,3630,0,7,0,0,0.0,0,120.0,11:11,0.0,0.0,0.0,
0,3806,0,6,3630,0,7,0,0,0.0,0,120.0,11:12,0.0,0.0,0.0,
0,3806,0,6,3630,0,7,0,0,0.0,0,120.0,11:13,0.0,0.0,0.0,
0,3806,0,6,3630,0,7,0,0,0.0,0,120.0,11:14,0.0,0.0,0.0,
0,3806,0,6,3630,0,7,0,0,0.0,0,120.0,11:15,0.0,0.0,0.0,
0,3806,0,6,3630,0,7,0,0,0.0,0,120.0,11:16,0.0,0.0,0.0,
0,3806,0,6,3630,0,7,0,0,0.0,0,120.0,11:17,0.0,0.0,0.0,
0,3806,0,6,3630,0,7,0,0,0.0,0,120.0,11:18,0.0,0.0,0.0,
0,3806,0,6,3630,0,7,0,0,0.0,0,120.0,11:19,0.0,0.0,0.0,
0,3806,0,6,3630,0,7,0,0,0.0,0,120.0,11:20,0.0,0.0,0.0,
0,3806,0,6,3630,0,7,0,0,0.0,0,120.0,11:21,0.0,0.0,0.0,
0,3806,0,6,3630,0,7,0,0,0.0,0,120.0,11:22,0.0,0.0,0.0,
0,3806,0,6,3630,0,7,0,0,0.0,0,120.0,11:23,0.0,0.0,0.0,
0,3806,0,6,3630,0,7,0,0,0.0,0,120.0,11:24,0.0,0.0,0.0,
0,3806,0,6,3630,0,7,0,0,0.0,0,120.0,11:25,0.0,0.0,0.0,
0,3806,0,6,3630,0,7,0,0,0.0,0,120.0,11:26,0.0,0.0,0.0,
0,3806,0,6,3630,0,7,0,0,0.0,0,120.0,11:27,0.0,0.0,0.0,
0,3806,0,6,3630,0,7,0,0,0.0,0,120.0,11:28,0.0,0.0,0.0,
0,3806,0,6,3630,0,7,0,0,0.0,0,120.0,11:29,0.0,0.0,0.0,
0,3806,0,6,3630,0,7,0,0,0.0,0,120.0,11:30,0.0,0.0,0.0,
0,3806,0,6,3630,0,7,0,0,0.0,0,120.0,11:31,0.0,0.0,0.0,
0,3806,0,6,3630,0,7,0,0,0.0,0,120.0,11:32,0.0,0.0,0.0,
0,3806,0,6,3630,0,7,0,0,0.0,0,120.0,11:33,0.0,0.0,0.0,
0,3806,0,6,3630,0,7,0,0,0.0,0,120.0,11:34,0.0,0.0,0.0,
0,3806,0,6,3630,0,7,0,0,0.0,0,120.0,11:35,0.0,0.0,0.0,
0,3806,0,6,3630,0,7,0,0,0.0,0,120.0,11:36,0.0,0.0,0.0,
0,3806,0,6,3630,0,7,0,0,0.0,0,120.0,11:37,0.0,0.0,0.0,
0,3806,0,6,3630,0,7,0,0,0.0,0,120.0,11:38,0.0,0.0,0.0,
0,3806,0,6,3630,0,7,0,0,0.0,0,120.0,11:39,0.0,0.0,0.0,
0,3806,0,6,3630,0,7,0,0,0.0,0,120.0,11:40,0.0,0.0,0.0,
0,3806,0,6,3630,0,7,0,0,0.0,0,120.0,11:41,0.0,0.0,0.0,
0,3806,0,6,3630,0,7,0,0,0.0,0,120.0,11:42,0.0,0.0,0.0,
0,3806,0,6,3630,0,7,0,0,0.0,0,120.0,11:43,0.0,0.0,0.0,
0,3806,0,6,3630,0,7,0,0,0.0,0,120.0,11:44,0.0,0.0,0.0,
0,3806,0,6,3630,0,7,0,0,0.0,0,120.0,11:45,0.0,0.0,0.0,
0,3806,0,6,3630,0,7,0,0,0.0,0,120.0,11:46,0.0,0.0,0.0,
0,3806,0,6,3630,0,7,0,0,0.0,0,120.0,11:47,0.0,0.0,0.0,
0,3806,0,6,3630,0,7,0,0,0.0,0,120.0,11:49,0.0,0.0,0.0,
0,3806,0,6,3630,0,7,0,0,0.0,0,120.0,11:50,0.0,0.0,0.0,
0,3806,0,6,3630,0,7,0,0,0.0,0,120.0,11:51,0.0,0.0,0.0,
0,3806,0,6,3630,0,7,0,0,0.0,0,120.0,11:52,0.0,0.0,0.0,
0,3806,0,6,3630,0,7,0,0,0.0,0,120.0,11:53,0.0,0.0,0.0,
0,3806,0,6,3630,0,7,0,0,0.0,0,120.0,11:54,0.0,0.0,0.0,
0,3806,0,6,3630,0,7,0,0,0.0,0,120.0,11:55,0.0,0.0,0.0,
0,3806,0,6,3630,0,7,0,0,0.0,0,120.0,11:56,0.0,0.0,0.0,
0,3806,0,6,3630,0,7,0,0,0.0,0,120.0,11:57,0.0,0.0,0.0,
0,3806,0,6,3630,0,7,0,0,0.0,0,120.0,11:58,0.0,0.0,0.0,
0,3806,0,6,3630,0,7,0,0,0.0,0,120.0,11:59,0.0,0.0,0.0,
0,3806,0,6,3630,0,7,0,0,0.0,0,120.0,12:00,0.0,0.0,0.0,
0,3806,0,6,3630,0,7,0,0,0.0,0,120.0,12:01,0.0,0.0,0.0,
0,3806,0,6,3630,0,7,0,0,0.0,0,120.0,12:02,0.0,0.0,0.0,
0,3806,0,6,3630,0,7,0,0,0.0,0,120.0,12:03,0.0,0.0,0.0,
0,3806,0,6,3630,0,7,0,0,0.0,0,120.0,12:04,0.0,0.0,0.0,
0,3806,0,6,3630,0,7,0,0,0.0,0,120.0,12:05,0.0,0.0,0.0,
0,3806,0,6,3630,0,7,0,0,0.0,0,120.0,12:06,0.0,0.0,0.0,
0,3806,0,6,3630,0,7,0,0,0.0,0,120.0,12:07,0.0,0.0,0.0,
0,3806,0,6,3630,0,7,0,0,0.0,0,120.0,12:08,0.0,0.0,0.0,
0,3806,0,6,3630,0,7,0,0,0.0,0,120.0,12:09,0.0,0.0,0.0,
0,3806,0,6,3630,0,7,0,0,0.0,0,120.0,12:10,0.0,0.0,0.0,
0,3806,0,6,3630,0,7,0,0,0.0,0,120.0,12:11,0.0,0.0,0.0,
0,3806,0,6,3630,0,7,0,0,0.0,0,120.0,12:12,0.0,0.0,0.0,
0,3806,0,6,3630,0,7,0,0,0.0,0,120.0,12:13,0.0,0.0,0.0,
0,3806,0,6,3630,0,7,0,0,0.0,0,120.0,12:14,0.0,0.0,0.0,
0,3806,0,6,3630,0,7,0,0,0.0,0,120.0,12:15,0.0,0.0,0.0,
0,3806,0,6,3630,0,7,0,0,0.0,0,120.0,12:16,0.0,0.0,0.0,
0,3806,0,6,3630,0,7,0,0,0.0,0,120.0,12:17,0.0,0.0,0.0,
0,3806,0,6,3630,0,7,0,0,0.0,0,120.0,12:18,0.0,0.0,0.0,
0,3806,0,6,3630,0,7,0,0,0.0,0,120.0,12:19,0.0,0.0,0.0,
0,3806,0,6,3630,0,7,0,0,0.0,0,120.0,12:20,0.0,0.0,0.0,
0,3806,0,6,3630,0,7,0,0,0.0,0,120.0,12:21,0.0,0.0,0.0,
0,3806,0,6,3630,0,7,0,0,0.0,0,120.0,12:22,0.0,0.0,0.0,
0,3806,0,6,3630,0,7,0,0,0.0,0,120.0,12:23,0.0,0.0,0.0,
0,3806,0,6,3630,0,7,0,0,0.0,0,120.0,12:24,0.0,0.0,0.0,
0,3806,0,6,3630,0,7,0,0,0.0,0,120.0,12:25,0.0,0.0,0.0,
0,3806,0,6,3630,0,7,0,0,0.0,0,120.0,12:26,0.0,0.0,0.0,
0,3806,0,6,3630,0,7,0,0,0.0,0,120.0,12:27,0.0,0.0,0.0,
0,3806,0,6,3630,0,7,0,0,0.0,0,120.0,12:28,0.0,0.0,0.0,
0,3806,0,6,3630,0,7,0,0,0.0,0,120.0,12:29,0.0,0.0,0.0,
0,3806,0,6,3630,0,7,0,0,0.0,0,120.0,12:30,0.0,0.0,0.0,
0,3806,0,6,3630,0,7,0,0,0.0,0,120.0,12:31,0.0,0.0,0.0,
0,3806,0,6,3630,0,7,0,0,0.0,0,120.0,12:32,0.0,0.0,0.0,
0,3806,0,6,3630,0,7,0,0,0.0,0,120.0,12:33,0.0,0.0,0.0,
0,3806,0,6,3630,0,7,0,0,0.0,0,120.0,12:34,0.0,0.0,0.0,
0,3806,0,6,3630,0,7,0,0,0.0,0,120.0,12:35,0.0,0.0,0.0,
0,3806,0,6,3630,0,7,0,0,0.0,0,120.0,12:36,0.0,0.0,0.0,
0,3806,0,6,3630,0,7,0,0,0.0,0,120.0,12:37,0.0,0.0,0.0,
0,3806,0,6,3630,0,7,0,0,0.0,0,120.0,12:38,0.0,0.0,0.0,
0,3806,0,6,3630,0,7,0,0,0.0,0,120.0,12:39,0.0,0.0,0.0,
0,3806,0,6,3630,0,7,0,0,0.0,0,120.0,12:40,0.0,0.0,0.0,
0,3806,0,6,3630,0,7,0,0,0.0,0,120.0,12:41,0.0,0.0,0.0,
0,3806,0,6,3630,0,7,0,0,0.0,0,120.0,12:42,0.0,0.0,0.0,
0,3806,0,6,3630,0,7,0,0,0.0,0,120.0,12:43,0.0,0.0,0.0,
0,3806,0,6,3630,0,7,0,0,0.0,0,120.0,12:44,0.0,0.0,0.0,
0,3806,0,6,3630,0,7,0,0,0.0,0,120.0,12:45,0.0,0.0,0.0,
0,3806,0,6,3630,0,7,0,0,0.0,0,120.0,12:46,0.0,0.0,0.0,
0,3806,0,6,3630,0,7,0,0,0.0,0,120.0,12:47,0.0,0.0,0.0,
0,3806,0,6,3630,0,7,0,0,0.0,0,120.0,12:48,0.0,0.0,0.0,
0,3806,0,6,3630,0,7,0,0,0.0,0,120.0,12:49,0.0,0.0,0.0,
0,3806,0,6,3630,0,7,0,0,0.0,0,120.0,12:50,0.0,0.0,0.0,
0,3806,0,6,3630,0,7,0,0,0.0,0,120.0,12:51,0.0,0.0,0.0,
0,3806,0,6,3630,0,7,0,0,0.0,0,120.0,12:52,0.0,0.0,0.0,
0,3806,0,6,3630,0,7,0,0,0.0,0,120.0,12:53,0.0,0.0,0.0,
0,3806,0,6,3630,0,7,0,0,0.0,0,120.0,12:54,0.0,0.0,0.0,
0,3806,0,6,3630,0,7,0,0,0.0,0,120.0,12:55,0.0,0.0,0.0,
0,3806,0,6,3630,0,7,0,0,0.0,0,120.0,12:56,0.0,0.0,0.0,
0,3806,0,6,3630,0,7,0,0,0.0,0,120.0,12:57,0.0,0.0,0.0,
0,3806,0,6,3630,0,7,0,0,0.0,0,120.0,12:58,0.0,0.0,0.0,
0,3806,0,6,3630,0,7,0,0,0.0,0,120.0,12:59,0.0,0.0,0.0,
0,3806,0,6,3630,0,7,0,0,0.0,0,120.0,13:00,0.0,0.0,0.0,
0,3806,0,6,3630,0,7,0,0,0.0,0,120.0,13:01,0.0,0.0,0.0,
0,3806,0,6,3630,0,7,0,0,0.0,0,120.0,13:02,0.0,0.0,0.0,
0,3806,0,6,3630,0,7,0,0,0.0,0,120.0,13:03,0.0,0.0,0.0,
0,3806,0,6,3630,0,7,0,0,0.0,0,120.0,13:04,0.0,0.0,0.0,
0,3806,0,6,3630,0,7,0,0,0.0,0,120.0,13:05,0.0,0.0,0.0,
0,3806,0,6,3630,0,7,0,0,0.0,0,120.0,13:06,0.0,0.0,0.0,
0,3806,0,6,3630,0,7,0,0,0.0,0,120.0,13:07,0.0,0.0,0.0,
0,3806,0,6,3630,0,7,0,0,0.0,0,120.0,13:08,0.0,0.0,0.0,
0,3806,0,6,3630,0,7,0,0,0.0,0,120.0,13:09,0.0,0.0,0.0,
0,3806,0,6,3630,0,7,0,0,0.0,0,120.0,13:10,0.0,0.0,0.0,
0,3806,0,6,3630,0,7,0,0,0.0,0,120.0,13:11,0.0,0.0,0.0,
0,3806,0,6,3630,0,7,0,0,0.0,0,120.0,13:12,0.0,0.0,0.0,
0,3806,0,6,3630,0,7,0,0,0.0,0,120.0,13:13,0.0,0.0,0.0,
0,3806,0,6,3630,0,7,0,0,0.0,0,120.0,13:14,0.0,0.0,0.0,
0,3806,0,6,3630,0,7,0,0,0.0,0,120.0,13:15,0.0,0.0,0.0,
0,3806,0,6,3630,0,7,0,0,0.0,0,120.0,13:16,0.0,0.0,0.0,
0,3806,0,6,3630,0,7,0,0,0.0,0,120.0,13:17,0.0,0.0,0.0,
0,3806,0,6,3630,0,7,0,0,0.0,0,120.0,13:18,0.0,0.0,0.0,
0,3806,0,6,3630,0,7,0,0,0.0,0,120.0,13:19,0.0,0.0,0.0,
0,3806,0,6,3630,0,7,0,0,0.0,0,120.0,13:20,0.0,0.0,0.0,
0,3806,0,6,3630,0,7,0,0,0.0,0,120.0,13:21,0.0,0.0,0.0,
0,3806,0,6,3630,0,7,0,0,0.0,0,120.0,13:22,0.0,0.0,0.0,
0,3806,0,6,3630,0,7,0,0,0.0,0,120.0,13:23,0.0,0.0,0.0,
0,3806,0,6,3630,0,7,0,0,0.0,0,120.0,13:24,0.0,0.0,0.0,
0,3806,0,6,3630,0,7,0,0,0.0,0,120.0,13:25,0.0,0.0,0.0,
0,3806,0,6,3630,0,7,0,0,0.0,0,120.0,13:26,0.0,0.0,0.0,
0,3806,0,6,3630,0,7,0,0,0.0,0,120.0,13:27,0.0,0.0,0.0,
0,3806,0,6,3630,0,7,0,0,0.0,0,120.0,13:28,0.0,0.0,0.0,
0,3806,0,6,3630,0,7,0,0,0.0,0,120.0,13:29,0.0,0.0,0.0,
0,3806,0,6,3630,0,7,0,0,0.0,0,120.0,13:30,0.0,0.0,0.0,
0,3806,0,6,3630,0,7,0,0,0.0,0,120.0,13:31,0.0,0.0,0.0,
0,3806,0,6,3630,0,7,0,0,0.0,0,120.0,13:32,0.0,0.0,0.0,
0,3806,0,6,3630,0,7,0,0,0.0,0,120.0,13:33,0.0,0.0,0.0,
0,3806,0,6,3630,0,7,0,0,0.0,0,120.0,13:34,0.0,0.0,0.0,
0,3806,0,6,3630,0,7,0,0,0.0,0,120.0,13:36,0.0,0.0,0.0,
0,3806,0,6,3630,0,7,0,0,0.0,0,120.0,13:37,0.0,0.0,0.0,
0,3806,0,6,3630,0,7,0,0,0.0,0,120.0,13:38,0.0,0.0,0.0,
0,3806,0,6,3630,0,7,0,0,0.0,0,120.0,13:39,0.0,0.0,0.0,
0,3806,0,6,3630,0,7,0,0,0.0,0,120.0,13:40,0.0,0.0,0.0,
0,3806,0,6,3630,0,7,0,0,0.0,0,120.0,13:41,0.0,0.0,0.0,
0,3806,0,6,3630,0,7,0,0,0.0,0,120.0,13:42,0.0,0.0,0.0,
0,3806,0,6,3630,0,7,0,0,0.0,0,120.0,13:43,0.0,0.0,0.0,
0,3806,0,6,3630,0,7,0,0,0.0,0,120.0,13:44,0.0,0.0,0.0,
0,3806,0,6,3630,0,7,0,0,0.0,0,120.0,13:45,0.0,0.0,0.0,
0,3806,0,6,3630,0,7,0,0,0.0,0,120.0,13:46,0.0,0.0,0.0,
0,3806,0,6,3630,0,7,0,0,0.0,0,120.0,13:47,0.0,0.0,0.0,
0,3806,0,6,3630,0,7,0,0,0.0,0,120.0,13:48,0.0,0.0,0.0,
0,3806,0,6,3630,0,7,0,0,0.0,0,120.0,13:49,0.0,0.0,0.0,
0,3806,0,6,3630,0,7,0,0,0.0,0,120.0,13:50,0.0,0.0,0.0,
0,3806,0,6,3630,0,7,0,0,0.0,0,120.0,13:51,0.0,0.0,0.0,
0,3806,0,6,3630,0,7,0,0,0.0,0,120.0,13:52,0.0,0.0,0.0,
0,3806,0,6,3630,0,7,0,0,0.0,0,120.0,13:53,0.0,0.0,0.0,
0,3806,0,6,3630,0,7,0,0,0.0,0,120.0,13:54,0.0,0.0,0.0,
0,3806,0,6,3630,0,7,0,0,0.0,0,120.0,13:55,0.0,0.0,0.0,
0,3806,0,6,3630,0,7,0,0,0.0,0,120.0,13:56,0.0,0.0,0.0,
0,3806,0,6,3630,0,7,0,0,0.0,0,120.0,13:57,0.0,0.0,0.0,
0,3806,0,6,3630,0,7,0,0,0.0,0,120.0,13:58,0.0,0.0,0.0,
0,3806,0,6,3630,0,7,0,0,0.0,0,120.0,13:59,0.0,0.0,0.0,
0,3806,0,6,3630,0,7,0,0,0.0,0,120.0,14:00,0.0,0.0,0.0,
0,3806,0,6,3630,0,7,0,0,0.0,0,120.0,14:01,0.0,0.0,0.0,
0,3806,0,6,3630,0,7,0,0,0.0,0,120.0,14:02,0.0,0.0,0.0,
0,3806,0,6,3630,0,7,0,0,0.0,0,120.0,14:03,0.0,0.0,0.0,
0,3806,0,6,3630,0,7,0,0,0.0,0,120.0,14:04,0.0,0.0,0.0,
0,3806,0,6,3630,0,7,0,0,0.0,0,120.0,14:05,0.0,0.0,0.0,
0,3806,0,6,3630,0,7,0,0,0.0,0,120.0,14:06,0.0,0.0,0.0,
0,3806,0,6,3630,0,7,0,0,0.0,0,120.0,14:07,0.0,0.0,0.0,
0,3806,0,6,3630,0,7,0,0,0.0,0,120.0,14:08,0.0,0.0,0.0,
0,3806,0,6,3630,0,7,0,0,0.0,0,120.0,14:09,0.0,0.0,0.0,
0,3806,0,6,3630,0,7,0,0,0.0,0,120.0,14:10,0.0,0.0,0.0,
0,3806,0,6,3630,0,7,0,0,0.0,0,120.0,14:11,0.0,0.0,0.0,
0,3806,0,6,3630,0,7,0,0,0.0,0,120.0,14:12,0.0,0.0,0.0,
0,3806,0,6,3630,0,7,0,0,0.0,0,120.0,14:13,0.0,0.0,0.0,
0,3806,0,6,3630,0,7,0,0,0.0,0,120.0,14:14,0.0,0.0,0.0,
0,3806,0,6,3630,0,7,0,0,0.0,0,120.0,14:15,0.0,0.0,0.0,
0,3806,0,6,3630,0,7,0,0,0.0,0,120.0,14:16,0.0,0.0,0.0,
0,3806,0,6,3630,0,7,0,0,0.0,0,120.0,14:17,0.0,0.0,0.0,
0,3806,0,6,3630,0,7,0,0,0.0,0,120.0,14:18,0.0,0.0,0.0,
0,3806,0,6,3630,0,7,0,0,0.0,0,120.0,14:19,0.0,0.0,0.0,
0,3806,0,6,3630,0,7,0,0,0.0,0,120.0,14:20,0.0,0.0,0.0,
0,3806,0,6,3630,0,7,0,0,0.0,0,120.0,14:21,0.0,0.0,0.0,
0,3806,0,6,3630,0,7,0,0,0.0,0,120.0,14:22,0.0,0.0,0.0,
0,3806,0,6,3630,0,7,0,0,0.0,0,120.0,14:23,0.0,0.0,0.0,
0,3806,0,6,3630,0,7,0,0,0.0,0,120.0,14:24,0.0,0.0,0.0,
0,3806,0,6,3630,0,7,0,0,0.0,0,120.0,14:25,0.0,0.0,0.0,
0,3806,0,6,3630,0,7,0,0,0.0,0,120.0,14:26,0.0,0.0,0.0,
0,3806,0,6,3630,0,7,0,0,0.0,0,120.0,14:27,0.0,0.0,0.0,
0,3806,0,6,3630,0,7,0,0,0.0,0,120.0,14:28,0.0,0.0,0.0,
0,3806,0,6,3630,0,7,0,0,0.0,0,120.0,14:29,0.0,0.0,0.0,
0,3806,0,6,3630,0,7,0,0,0.0,0,120.0,14:30,0.0,0.0,0.0,
0,3806,0,6,3630,0,7,0,0,0.0,0,120.0,14:31,0.0,0.0,0.0,
0,3806,0,6,3630,0,7,0,0,0.0,0,120.0,14:32,0.0,0.0,0.0,
0,3806,0,6,3630,0,7,0,0,0.0,0,120.0,14:33,0.0,0.0,0.0,
0,3806,0,6,3630,0,7,0,0,0.0,0,120.0,14:34,0.0,0.0,0.0,
0,3806,0,6,3630,0,7,0,0,0.0,0,120.0,14:35,0.0,0.0,0.0,
0,3806,0,6,3630,0,7,0,0,0.0,0,120.0,14:36,0.0,0.0,0.0,
0,3806,0,6,3630,0,7,0,0,0.0,0,120.0,14:37,0.0,0.0,0.0,
0,3806,0,6,3630,0,7,0,0,0.0,0,120.0,14:38,0.0,0.0,0.0,
0,3806,0,6,3630,0,7,0,0,0.0,0,120.0,14:39,0.0,0.0,0.0,
0,3806,0,6,3630,0,7,0,0,0.0,0,120.0,14:40,0.0,0.0,0.0,
0,3806,0,6,3630,0,7,0,0,0.0,0,120.0,14:41,0.0,0.0,0.0,
0,3806,0,6,3630,0,7,0,0,0.0,0,120.0,14:42,0.0,0.0,0.0,
0,3806,0,6,3630,0,7,0,0,0.0,0,120.0,14:43,0.0,0.0,0.0,
0,3806,0,6,3630,0,7,0,0,0.0,0,120.0,14:44,0.0,0.0,0.0,
0,3806,0,6,3630,0,7,0,0,0.0,0,120.0,14:45,0.0,0.0,0.0,
0,3806,0,6,3630,0,7,0,0,0.0,0,120.0,14:46,0.0,0.0,0.0,
0,3806,0,6,3630,0,7,0,0,0.0,0,120.0,14:47,0.0,0.0,0.0,
0,3806,0,6,3630,0,7,0,0,0.0,0,120.0,14:48,0.0,0.0,0.0,
0,3806,0,6,3630,0,7,0,0,0.0,0,120.0,14:49,0.0,0.0,0.0,
0,3806,0,6,3630,0,7,0,0,0.0,0,120.0,14:50,0.0,0.0,0.0,
0,3806,0,6,3630,0,7,0,0,0.0,0,120.0,14:51,0.0,0.0,0.0,
0,3806,0,6,3630,0,7,0,0,0.0,0,120.0,14:52,0.0,0.0,0.0,
0,3806,0,6,3630,0,7,0,0,0.0,0,120.0,14:53,0.0,0.0,0.0,
0,3806,0,6,3630,0,7,0,0,0.0,0,120.0,14:54,0.0,0.0,0.0,
0,3806,0,6,3630,0,7,0,0,0.0,0,120.0,14:55,0.0,0.0,0.0,
0,3806,0,6,3630,0,7,0,0,0.0,0,120.0,14:56,0.0,0.0,0.0,
0,3806,0,6,3630,0,7,0,0,0.0,0,120.0,14:57,0.0,0.0,0.0,
0,3806,0,6,3630,0,7,0,0,0.0,0,120.0,14:58,0.0,0.0,0.0,
0,3806,0,6,3630,0,7,0,0,0.0,0,120.0,14:59,0.0,0.0,0.0,
0,3806,0,6,3630,0,7,0,0,0.0,0,120.0,15:00,0.0,0.0,0.0,
0,3806,0,6,3630,0,7,0,0,0.0,0,120.0,15:01,0.0,0.0,0.0,
0,3806,0,6,3630,0,7,0,0,0.0,0,120.0,15:02,0.0,0.0,0.0,
0,3806,0,6,3630,0,7,0,0,0.0,0,120.0,15:03,0.0,0.0,0.0,
0,3806,0,6,3630,0,7,0,0,0.0,0,120.0,15:04,0.0,0.0,0.0,
0,3806,0,6,3630,0,7,0,0,0.0,0,120.0,15:05,0.0,0.0,0.0,
0,3806,0,6,3630,0,7,0,0,0.0,0,120.0,15:06,0.0,0.0,0.0,
0,3806,0,6,3630,0,7,0,0,0.0,0,120.0,15:07,0.0,0.0,0.0,
0,3806,0,6,3630,0,7,0,0,0.0,0,120.0,15:08,0.0,0.0,0.0,
0,3806,0,6,3630,0,7,0,0,0.0,0,120.0,15:09,0.0,0.0,0.0,
0,3806,0,6,3630,0,7,0,0,0.0,0,120.0,15:10,0.0,0.0,0.0,
0,3806,0,6,3630,0,7,0,0,0.0,0,120.0,15:11,0.0,0.0,0.0,
0,3806,0,6,3630,0,7,0,0,0.0,0,120.0,15:12,0.0,0.0,0.0,
0,3806,0,6,3630,0,7,0,0,0.0,0,120.0,15:13,0.0,0.0,0.0,
0,3806,0,6,3630,0,7,0,0,0.0,0,120.0,15:14,0.0,0.0,0.0,
0,3806,0,6,3630,0,7,0,0,0.0,0,120.0,15:15,0.0,0.0,0.0,
0,3806,0,6,3630,0,7,0,0,0.0,0,120.0,15:16,0.0,0.0,0.0,
0,3806,0,6,3630,0,7,0,0,0.0,0,120.0,15:17,0.0,0.0,0.0,
0,3806,0,6,3630,0,7,0,0,0.0,0,120.0,15:18,0.0,0.0,0.0,
0,3806,0,6,3630,0,7,0,0,0.0,0,120.0,15:19,0.0,0.0,0.0,
0,3806,0,6,3630,0,7,0,0,0.0,0,120.0,15:20,0.0,0.0,0.0,
0,3806,0,6,3630,0,7,0,0,0.0,0,120.0,15:22,0.0,0.0,0.0,
0,3806,0,6,3630,0,7,0,0,0.0,0,120.0,15:23,0.0,0.0,0.0,
0,3806,0,6,3630,0,7,0,0,0.0,0,120.0,15:24,0.0,0.0,0.0,
0,3806,0,6,3630,0,7,0,0,0.0,0,120.0,15:25,0.0,0.0,0.0,
0,3806,0,6,3630,0,7,0,0,0.0,0,120.0,15:26,0.0,0.0,0.0,
0,3806,0,6,3630,0,7,0,0,0.0,0,120.0,15:27,0.0,0.0,0.0,
0,3806,0,6,3630,0,7,0,0,0.0,0,120.0,15:28,0.0,0.0,0.0,
0,3806,0,6,3630,0,7,0,0,0.0,0,120.0,15:29,0.0,0.0,0.0,
0,3806,0,6,3630,0,7,0,0,0.0,0,120.0,15:30,0.0,0.0,0.0,
0,3806,0,6,3630,0,7,0,0,0.0,0,120.0,15:31,0.0,0.0,0.0,
0,3806,0,6,3630,0,7,0,0,0.0,0,120.0,15:32,0.0,0.0,0.0,
0,3806,0,6,3630,0,7,0,0,0.0,0,120.0,15:33,0.0,0.0,0.0,
0,3806,0,6,3630,0,7,0,0,0.0,0,120.0,15:34,0.0,0.0,0.0,
0,3806,0,6,3630,0,7,0,0,0.0,0,120.0,15:35,0.0,0.0,0.0,
0,3806,0,6,3630,0,7,0,0,0.0,0,120.0,15:36,0.0,0.0,0.0,
0,3806,0,6,3630,0,7,0,0,0.0,0,120.0,15:37,0.0,0.0,0.0,
0,3806,0,6,3630,0,7,0,0,0.0,0,120.0,15:38,0.0,0.0,0.0,
0,3806,0,6,3630,0,7,0,0,0.0,0,120.0,15:39,0.0,0.0,0.0,
0,3806,0,6,3630,0,7,0,0,0.0,0,120.0,15:40,0.0,0.0,0.0,
0,3806,0,6,3630,0,7,0,0,0.0,0,120.0,15:41,0.0,0.0,0.0,
0,3806,0,6,3630,0,7,0,0,0.0,0,120.0,15:42,0.0,0.0,0.0,
0,3806,0,6,3630,0,7,0,0,0.0,0,120.0,15:43,0.0,0.0,0.0,
0,3806,0,6,3630,0,7,0,0,0.0,0,120.0,15:44,0.0,0.0,0.0,
0,3806,0,6,3630,0,7,0,0,0.0,0,120.0,15:45,0.0,0.0,0.0,
0,3806,0,6,3630,0,7,0,0,0.0,0,120.0,15:46,0.0,0.0,0.0,
0,3806,0,6,3630,0,7,0,0,0.0,0,120.0,15:47,0.0,0.0,0.0,
0,3806,0,6,3630,0,7,0,0,0.0,0,120.0,15:48,0.0,0.0,0.0,
0,3806,0,6,3630,0,7,0,0,0.0,0,120.0,15:49,0.0,0.0,0.0,
0,3806,0,6,3630,0,7,0,0,0.0,0,120.0,15:50,0.0,0.0,0.0,
0,3806,0,6,3630,0,7,0,0,0.0,0,120.0,15:51,0.0,0.0,0.0,
0,3806,0,6,3630,0,7,0,0,0.0,0,120.0,15:52,0.0,0.0,0.0,
0,3806,0,6,3630,0,7,0,0,0.0,0,120.0,15:53,0.0,0.0,0.0,
0,3806,0,6,3630,0,7,0,0,0.0,0,120.0,15:54,0.0,0.0,0.0,
0,3806,0,6,3630,0,7,150,0,0.0,0,118.77049180327869,15:55,0.0,0.0,0.0,
0,3806,0,6,3630,0,7,0,0,0.0,0,120.0,15:56,0.0,0.0,0.0,
0,3806,0,6,3630,0,7,0,0,0.0,0,120.0,15:57,0.0,0.0,0.0,
0,3806,0,6,3630,0,7,0,0,0.0,0,120.0,15:58,0.0,0.0,0.0,
0,3806,0,6,3630,0,7,150,0,0.0,0,118.77049180327869,15:59,0.0,0.0,0.0,
0,3806,0,6,3630,0,7,0,0,0.0,0,120.0,16:00,0.0,0.0,0.0,
0,3806,0,6,3630,0,7,0,0,0.0,0,120.0,16:01,0.0,0.0,0.0,
0,3806,0,6,3630,0,7,150,0,0.0,0,118.77049180327869,16:02,0.0,0.0,0.0,
0,3806,0,6,3630,0,7,150,0,0.0,0,118.77049180327869,16:03,0.0,0.0,0.0,
0,3806,0,6,3630,0,7,0,0,0.0,0,120.0,16:04,0.0,0.0,0.0,
0,3806,0,6,3630,0,7,150,0,0.0,0,118.77049180327869,16:05,0.0,0.0,0.0,
0,3806,0,6,3630,0,7,150,0,0.0,0,118.77049180327869,16:06,0.0,0.0,0.0,
0,3806,0,6,3630,0,7,0,0,0.0,0,120.0,16:07,0.0,0.0,0.0,
0,3806,0,6,3630,0,7,0,0,0.0,0,120.0,16:08,0.0,0.0,0.0,
0,3806,0,6,3630,0,7,150,0,0.0,0,118.77049180327869,16:09,0.0,0.0,0.0,
0,3806,0,6,3630,0,7,150,0,0.0,0,118.77049180327869,16:10,0.0,0.0,0.0,
0,3806,0,6,3630,0,7,150,0,0.0,0,118.77049180327869,16:11,0.0,0.0,0.0,
0,3806,0,6,3630,0,7,150,0,0.0,0,118.77049180327869,16:12,0.0,0.0,0.0,
0,3806,0,6,3630,0,7,150,0,0.0,0,118.77049180327869,16:13,0.0,0.0,0.0,
0,3806,0,6,3630,0,7,150,0,0.0,0,118.77049180327869,16:14,0.0,0.0,0.0,
0,3806,0,6,3630,0,7,150,0,0.0,0,118.77049180327869,16:15,0.0,0.0,0.0,
0,3806,0,6,3630,0,7,150,0,0.0,0,118.77049180327869,16:16,0.0,0.0,0.0,
0,3806,0,6,3630,0,7,150,0,0.0,0,118.77049180327869,16:17,0.0,0.0,0.0,
0,3806,0,6,3630,0,7,150,0,0.0,0,118.77049180327869,16:18,0.0,0.0,0.0,
0,3806,0,6,3630,0,7,150,0,0.0,0,118.77049180327869,16:19,0.0,0.0,0.0,
0,3806,0,6,3630,0,7,150,0,0.0,0,118.77049180327869,16:20,0.0,0.0,0.0,
0,3806,0,6,3630,0,7,150,0,0.0,0,118.77049180327869,16:21,0.0,0.0,0.0,
0,3806,0,6,3630,0,7,150,0,0.0,0,118.77049180327869,16:22,0.0,0.0,0.0,
0,3806,0,6,3630,0,7,150,0,0.0,0,118.77049180327869,16:23,0.0,0.0,0.0,
0,3806,0,6,3630,0,7,150,0,0.0,0,118.77049180327869,16:24,0.0,0.0,0.0,
0,3806,0,6,3630,0,7,150,0,0.0,0,118.77049180327869,16:25,0.0,0.0,0.0,
0,3806,0,6,3630,0,7,150,0,0.0,0,118.77049180327869,16:26,0.0,0.0,0.0,
0,3806,0,6,3630,0,7,150,0,0.0,0,118.77049180327869,16:27,0.0,0.0,0.0,
0,3806,0,6,3630,0,7,150,0,0.0,0,118.77049180327869,16:28,0.0,0.0,0.0,
0,3806,0,6,3630,0,7,150,0,0.0,0,118.77049180327869,16:29,0.0,0.0,0.0,
0,3806,0,6,3630,0,7,150,0,0.0,0,118.77049180327869,16:30,0.0,0.0,0.0,
0,3806,0,6,3630,0,7,150,0,0.0,0,118.77049180327869,16:31,0.0,0.0,0.0,
0,3806,0,6,3630,0,7,150,0,0.0,0,118.77049180327869,16:32,0.0,0.0,0.0,
0,3806,0,6,3630,0,7,150,0,0.0,0,118.77049180327869,16:33,0.0,0.0,0.0,
0,3806,0,6,3630,0,7,150,0,0.0,0,118.77049180327869,16:34,0.0,0.0,0.0,
0,3806,0,6,3630,0,7,150,0,0.0,0,118.77049180327869,16:35,0.0,0.0,0.0,
0,3806,0,6,3630,0,7,150,0,0.0,0,118.77049180327869,16:36,0.0,0.0,0.0,
0,3806,0,6,3630,0,7,150,0,0.0,0,118.77049180327869,16:37,0.0,0.0,0.0,
0,3806,0,6,3630,0,7,150,0,0.0,0,118.77049180327869,16:38,0.0,0.0,0.0,
0,3806,0,6,3630,0,7,150,0,0.0,0,118.77049180327869,16:39,0.0,0.0,0.0,
0,3806,0,6,3630,0,7,150,0,0.0,0,118.77049180327869,16:40,0.0,0.0,0.0,
0,3806,0,6,3630,0,7,150,0,0.0,0,118.77049180327869,16:41,0.0,0.0,0.0,
0,3806,0,6,3630,0,7,150,0,0.0,0,118.77049180327869,16:42,0.0,0.0,0.0,
0,3806,0,6,3630,0,7,150,0,0.0,0,118.77049180327869,16:43,0.0,0.0,0.0,
0,3806,0,6,3630,0,7,150,0,0.0,0,118.77049180327869,16:44,0.0,0.0,0.0,
0,3806,0,6,3630,0,7,150,0,0.0,0,118.77049180327869,16:45,0.0,0.0,0.0,
0,3806,0,6,3630,0,7,150,0,0.0,0,118.77049180327869,16:46,0.0,0.0,0.0,
0,3806,0,6,3630,0,7,150,0,0.0,0,118.77049180327869,16:47,0.0,0.0,0.0,
0,3806,0,6,3630,0,7,150,0,0.0,0,118.77049180327869,16:48,0.0,0.0,0.0,
0,3806,0,6,3630,0,7,150,0,0.0,0,118.77049180327869,16:49,0.0,0.0,0.0,
0,3806,0,6,3630,0,7,150,0,0.0,0,118.77049180327869,16:50,0.0,0.0,0.0,
0,3806,0,6,3630,0,7,150,0,0.0,0,118.77049180327869,16:51,0.0,0.0,0.0,
0,3806,0,6,3630,0,7,150,0,0.0,0,118.77049180327869,16:52,0.0,0.0,0.0,
0,3806,0,6,3630,0,7,150,0,0.0,0,118.77049180327869,16:53,0.0,0.0,0.0,
0,3806,0,6,3630,0,7,150,0,0.0,0,118.77049180327869,16:54,0.0,0.0,0.0,
0,3806,0,6,3630,0,7,150,0,0.0,0,118.77049180327869,16:55,0.0,0.0,0.0,
0,3806,0,6,3630,0,7,150,0,0.0,0,118.77049180327869,16:56,0.0,0.0,0.0,
0,3806,0,6,3630,0,7,150,0,0.0,0,118.77049180327869,16:57,0.0,0.0,0.0,
0,3806,0,6,3630,0,7,150,0,0.0,0,118.77049180327869,16:58,0.0,0.0,0.0,
0,3806,0,6,3630,0,7,150,0,0.0,0,118.77049180327869,16:59,0.0,0.0,0.0,
0,3806,0,6,3630,0,7,150,0,0.0,0,118.77049180327869,17:00,0.0,0.0,0.0,
0,3806,0,6,3630,0,7,150,0,0.0,0,118.77049180327869,17:01,0.0,0.0,0.0,
0,3806,0,6,3630,0,7,150,0,0.0,0,118.77049180327869,17:02,0.0,0.0,0.0,
0,3806,0,6,3630,0,7,150,0,0.0,0,118.77049180327869,17:03,0.0,0.0,0.0,
0,3806,0,6,3630,0,7,150,0,0.0,0,118.77049180327869,17:04,0.0,0.0,0.0,
0,3806,0,6,3630,0,7,150,0,0.0,0,118.77049180327869,17:06,0.0,0.0,0.0,
0,3806,0,6,3630,0,7,150,0,0.0,0,118.77049180327869,17:07,0.0,0.0,0.0,
0,3806,0,6,3630,0,7,150,0,0.0,0,118.77049180327869,17:08,0.0,0.0,0.0,
0,3806,0,6,3630,0,7,150,0,0.0,0,118.77049180327869,17:09,0.0,0.0,0.0,
0,3806,0,6,3630,0,7,150,0,0.0,0,118.77049180327869,17:10,0.0,0.0,0.0,
0,3806,0,6,3630,0,7,150,0,0.0,0,118.77049180327869,17:11,0.0,0.0,0.0,
0,3806,0,6,3630,0,7,150,0,0.0,0,118.77049180327869,17:12,0.0,0.0,0.0,
0,3806,0,6,3630,0,7,150,0,0.0,0,118.77049180327869,17:13,0.0,0.0,0.0,
0,3806,0,6,3630,0,7,150,0,0.0,0,118.77049180327869,17:14,0.0,0.0,0.0,
0,3806,0,6,3630,0,7,150,0,0.0,0,118.77049180327869,17:15,0.0,0.0,0.0,
0,3806,0,6,3630,0,7,150,0,0.0,0,118.77049180327869,17:16,0.0,0.0,0.0,
0,3806,0,6,3630,0,7,150,0,0.0,0,118.77049180327869,17:17,0.0,0.0,0.0,
0,3806,0,6,3630,0,7,150,0,0.0,0,118.77049180327869,17:18,0.0,0.0,0.0,
0,3806,0,6,3630,0,7,150,0,0.0,0,118.77049180327869,17:19,0.0,0.0,0.0,
0,3806,0,6,3630,0,7,150,0,0.0,0,118.77049180327869,17:20,0.0,0.0,0.0,
0,3806,0,6,3630,0,7,150,0,0.0,0,118.77049180327869,17:21,0.0,0.0,0.0,
0,3806,0,6,3630,0,7,150,0,0.0,0,118.77049180327869,17:22,0.0,0.0,0.0,
0,3806,0,6,3630,0,7,150,0,0.0,0,118.77049180327869,17:23,0.0,0.0,0.0,
0,3806,0,6,3630,0,7,150,0,0.0,0,118.77049180327869,17:24,0.0,0.0,0.0,
0,3806,0,6,3630,0,7,150,0,0.0,0,118.77049180327869,17:25,0.0,0.0,0.0,
0,3806,0,6,3630,0,7,150,0,0.0,0,118.77049180327869,17:26,0.0,0.0,0.0,
0,3806,0,6,3630,0,7,150,0,0.0,0,118.77049180327869,17:27,0.0,0.0,0.0,
0,3806,0,6,3630,0,7,150,0,0.0,0,118.77049180327869,17:28,0.0,0.0,0.0,
0,3806,0,6,3630,0,7,150,0,0.0,0,118.77049180327869,17:29,0.0,0.0,0.0,
0,3806,0,6,3630,0,7,150,0,0.0,0,118.77049180327869,17:30,0.0,0.0,0.0,
0,3806,0,6,3630,0,7,150,0,0.0,0,118.77049180327869,17:31,0.0,0.0,0.0,
0,3806,0,6,3630,0,7,150,0,0.0,0,118.77049180327869,17:32,0.0,0.0,0.0,
0,3806,0,6,3630,0,7,150,0,0.0,0,118.77049180327869,17:33,0.0,0.0,0.0,
0,3806,0,6,3630,0,7,150,0,0.0,0,118.77049180327869,17:34,0.0,0.0,0.0,
0,3806,0,6,3630,0,7,150,0,0.0,0,118.77049180327869,17:35,0.0,0.0,0.0,
0,3806,0,6,3630,0,7,150,0,0.0,0,118.77049180327869,17:36,0.0,0.0,0.0,
0,3806,0,6,3630,0,7,150,0,0.0,0,118.77049180327869,17:37,0.0,0.0,0.0,
0,3806,0,6,3630,0,7,150,0,0.0,0,118.77049180327869,17:38,0.0,0.0,0.0,
0,3806,0,6,3630,0,7,150,0,0.0,0,118.77049180327869,17:39,0.0,0.0,0.0,
0,3806,0,6,3630,0,7,150,0,0.0,0,118.77049180327869,17:40,0.0,0.0,0.0,
0,3806,0,6,3630,0,7,150,0,0.0,0,118.77049180327869,17:41,0.0,0.0,0.0,
0,3806,0,6,3630,0,7,150,0,0.0,0,118.77049180327869,17:42,0.0,0.0,0.0,
0,3806,0,6,3630,0,7,150,0,0.0,0,118.77049180327869,17:43,0.0,0.0,0.0,
0,3806,0,6,3630,0,7,150,0,0.0,0,118.77049180327869,17:44,0.0,0.0,0.0,
0,3806,0,6,3630,0,7,150,0,0.0,0,118.77049180327869,17:45,0.0,0.0,0.0,
0,3806,0,6,3630,0,7,150,0,0.0,0,118.77049180327869,17:46,0.0,0.0,0.0,
0,3806,0,6,3630,0,7,150,0,0.0,0,118.77049180327869,17:47,0.0,0.0,0.0,
0,3806,0,6,3630,0,7,150,0,0.0,0,118.77049180327869,17:48,0.0,0.0,0.0,
0,3806,0,6,3630,0,7,150,0,0.0,0,118.77049180327869,17:49,0.0,0.0,0.0,
0,3806,0,6,3630,0,7,150,0,0.0,0,118.77049180327869,17:50,0.0,0.0,0.0,
0,3806,0,6,3630,0,7,150,0,0.0,0,118.77049180327869,17:51,0.0,0.0,0.0,
0,3806,0,6,3630,0,7,150,0,0.0,0,118.77049180327869,17:52,0.0,0.0,0.0,
0,3806,0,6,3630,0,7,150,0,0.0,0,118.77049180327869,17:53,0.0,0.0,0.0,
0,3806,0,6,3630,0,7,150,0,0.0,0,118.77049180327869,17:54,0.0,0.0,0.0,
0,3806,0,6,3630,0,7,150,0,0.0,0,118.77049180327869,17:55,0.0,0.0,0.0,
0,3806,0,6,3630,0,7,150,0,0.0,0,118.77049180327869,17:56,0.0,0.0,0.0,
0,3806,0,6,3630,0,7,150,0,0.0,0,118.77049180327869,17:57,0.0,0.0,0.0,
0,3806,0,6,3630,0,7,150,0,0.0,0,118.77049180327869,17:58,0.0,0.0,0.0,
0,3806,0,6,3630,0,7,150,0,0.0,0,118.77049180327869,17:59,0.0,0.0,0.0,
0,3806,0,6,3630,0,7,150,0,0.0,0,118.77049180327869,18:00,0.0,0.0,0.0,
0,3806,0,6,3630,0,7,150,0,0.0,0,118.77049180327869,18:01,0.0,0.0,0.0,
0,3806,0,6,3630,0,7,150,0,0.0,0,118.77049180327869,18:02,0.0,0.0,0.0,
0,3806,0,6,3630,0,7,150,0,0.0,0,118.77049180327869,18:03,0.0,0.0,0.0,
0,3806,0,6,3630,0,7,150,0,0.0,0,118.77049180327869,18:04,0.0,0.0,0.0,
0,3806,0,6,3630,0,7,150,0,0.0,0,118.77049180327869,18:05,0.0,0.0,0.0,
0,3806,0,6,3630,0,7,150,0,0.0,0,118.77049180327869,18:06,0.0,0.0,0.0,
0,3806,0,6,3630,0,7,150,0,0.0,0,118.77049180327869,18:07,0.0,0.0,0.0,
0,3806,0,6,3630,0,7,150,0,0.0,0,118.77049180327869,18:08,0.0,0.0,0.0,
0,3806,0,6,3630,0,7,150,0,0.0,0,118.77049180327869,18:09,0.0,0.0,0.0,
0,3806,0,6,3630,0,7,150,0,0.0,0,118.77049180327869,18:10,0.0,0.0,0.0,
0,3806,0,6,3630,0,7,150,0,0.0,0,118.77049180327869,18:11,0.0,0.0,0.0,
0,3806,0,6,3630,0,7,150,0,0.0,0,118.77049180327869,18:12,0.0,0.0,0.0,
0,3806,0,6,3630,0,7,150,0,0.0,0,118.77049180327869,18:13,0.0,0.0,0.0,
0,3806,0,6,3630,0,7,150,0,0.0,0,118.77049180327869,18:14,0.0,0.0,0.0,
0,3806,0,6,3630,0,7,150,0,0.0,0,118.77049180327869,18:15,0.0,0.0,0.0,
0,3806,0,6,3630,0,7,150,0,0.0,0,118.77049180327869,18:16,0.0,0.0,0.0,
0,3806,0,6,3630,0,7,150,0,0.0,0,118.77049180327869,18:17,0.0,0.0,0.0,
0,3806,0,6,3630,0,7,150,0,0.0,0,118.77049180327869,18:18,0.0,0.0,0.0,
0,3806,0,6,3630,0,7,150,0,0.0,0,118.77049180327869,18:19,0.0,0.0,0.0,
0,3806,0,6,3630,0,7,150,0,0.0,0,118.77049180327869,18:20,0.0,0.0,0.0,
0,3806,0,6,3630,0,7,150,0,0.0,0,118.77049180327869,18:21,0.0,0.0,0.0,
0,3806,0,6,3630,0,7,150,0,0.0,0,118.77049180327869,18:22,0.0,0.0,0.0,
0,3806,0,6,3630,0,7,150,0,0.0,0,118.77049180327869,18:23,0.0,0.0,0.0,
0,3806,0,6,3630,0,7,150,0,0.0,0,118.77049180327869,18:24,0.0,0.0,0.0,
0,3806,0,6,3630,0,7,150,0,0.0,0,118.77049180327869,18:25,0.0,0.0,0.0,
0,3806,0,6,3630,0,7,150,0,0.0,0,118.77049180327869,18:26,0.0,0.0,0.0,
0,3806,0,6,3630,0,7,150,0,0.0,0,118.77049180327869,18:27,0.0,0.0,0.0,
0,3806,0,6,3630,0,7,150,0,0.0,0,118.77049180327869,18:28,0.0,0.0,0.0,
0,3806,0,6,3630,0,7,150,0,0.0,0,118.77049180327869,18:29,0.0,0.0,0.0,
0,3806,0,6,3630,0,7,150,0,0.0,0,118.77049180327869,18:30,0.0,0.0,0.0,
0,3806,0,6,3630,0,7,150,0,0.0,0,118.77049180327869,18:31,0.0,0.0,0.0,
0,3806,0,6,3630,0,7,150,0,0.0,0,118.77049180327869,18:32,0.0,0.0,0.0,
0,3806,0,6,3630,0,7,150,0,0.0,0,118.77049180327869,18:33,0.0,0.0,0.0,
0,3806,0,6,3630,0,7,150,0,0.0,0,118.77049180327869,18:34,0.0,0.0,0.0,
0,3806,0,6,3630,0,7,150,0,0.0,0,118.77049180327869,18:35,0.0,0.0,0.0,
0,3806,0,6,3630,0,7,150,0,0.0,0,118.77049180327869,18:36,0.0,0.0,0.0,
0,3806,0,6,3630,0,7,150,0,0.0,0,118.77049180327869,18:37,0.0,0.0,0.0,
0,3806,0,6,3630,0,7,150,0,0.0,0,118.77049180327869,18:38,0.0,0.0,0.0,
0,3806,0,6,3630,0,7,150,0,0.0,0,118.77049180327869,18:39,0.0,0.0,0.0,
0,3806,0,6,3630,0,7,150,0,0.0,0,118.77049180327869,18:40,0.0,0.0,0.0,
0,3806,0,6,3630,0,7,150,0,0.0,0,118.77049180327869,18:41,0.0,0.0,0.0,
0,3806,0,6,3630,0,7,150,0,0.0,0,118.77049180327869,18:42,0.0,0.0,0.0,
0,3806,0,6,3630,0,7,150,0,0.0,0,118.77049180327869,18:43,0.0,0.0,0.0,
0,3806,0,6,3630,0,7,150,0,0.0,0,118.77049180327869,18:44,0.0,0.0,0.0,
0,3806,0,6,3630,0,7,150,0,0.0,0,118.77049180327869,18:45,0.0,0.0,0.0,
0,3806,0,6,3630,0,7,150,0,0.0,0,118.77049180327869,18:46,0.0,0.0,0.0,
0,3806,0,6,3630,0,7,150,0,0.0,0,118.77049180327869,18:47,0.0,0.0,0.0,
0,3806,0,6,3630,0,7,150,0,0.0,0,118.77049180327869,18:48,0.0,0.0,0.0,
0,3806,0,6,3630,0,7,150,0,0.0,0,118.77049180327869,18:49,0.0,0.0,0.0,
0,3806,0,6,3630,0,7,150,0,0.0,0,118.77049180327869,18:51,0.0,0.0,0.0,
0,3806,0,6,3630,0,7,150,0,0.0,0,118.77049180327869,18:52,0.0,0.0,0.0,
0,3806,0,6,3630,0,7,150,0,0.0,0,118.77049180327869,18:53,0.0,0.0,0.0,
0,3806,0,6,3630,0,7,150,0,0.0,0,118.77049180327869,18:54,0.0,0.0,0.0,
0,3806,0,6,3630,0,7,150,0,0.0,0,118.77049180327869,18:55,0.0,0.0,0.0,
0,3806,0,6,3630,0,7,150,0,0.0,0,118.77049180327869,18:56,0.0,0.0,0.0,
0,3806,0,6,3630,0,7,150,0,0.0,0,118.77049180327869,18:57,0.0,0.0,0.0,
0,3806,0,6,3630,0,7,150,0,0.0,0,118.77049180327869,18:58,0.0,0.0,0.0,
0,3806,0,6,3630,0,7,150,0,0.0,0,118.77049180327869,18:59,0.0,0.0,0.0,
0,3806,0,6,3630,0,7,150,0,0.0,0,118.77049180327869,19:00,0.0,0.0,0.0,
0,3806,0,6,3630,0,7,150,0,0.0,0,118.77049180327869,19:01,0.0,0.0,0.0,
0,3806,0,6,3630,0,7,750,0,0.0,0,113.85245901639344,19:02,0.0,0.0,0.0,
0,3806,0,6,3630,0,7,825,0,41.2903,0,113.23770491803279,19:03,0.0,41.2903,0.0,
0,3806,0,6,3630,0,7,825,0,320.0,0,113.23770491803279,19:04,0.0,361.2903,0.0,
0,3806,0,6,3630,0,7,825,0,309.677,1,113.23770491803279,19:05,0.0,670.9673,0.0,
0,3819,800,6,3630,0,7,825,0,350.968,1,113.23770491803279,19:06,0.0,1021.9353000000001,0.0,
0,3832,800,6,3630,0,7,900,0,361.29,1,112.62295081967213,19:07,0.0,1383.2253,0.0,
0,3845,800,6,3630,0,7,750,0,371.613,1,113.85245901639344,19:08,0.0,1754.8383000000001,0.0,
0,3858,800,6,3630,0,7,675,0,381.935,1,114.4672131147541,19:09,0.0,2136.7733000000003,0.0,
0,3871,800,6,3630,0,7,525,0,392.258,1,115.69672131147541,19:10,0.0,2529.0313,0.0,
0,3884,800,6,3630,0,7,525,0,412.903,1,115.69672131147541,19:11,0.0,2941.9343,0.0,
0,3897,800,6,3630,0,7,525,0,423.226,1,115.69672131147541,19:12,0.0,3365.1603,0.0,
0,3910,800,6,3630,0,7,525,0,423.226,1,115.69672131147541,19:13,0.0,3788.3863,0.0,
0,3923,800,6,3630,0,7,450,0,423.226,1,116.31147540983606,19:14,0.0,4211.6123,0.0,
0,3936,800,6,3630,0,7,450,0,423.226,1,116.31147540983606,19:15,0.0,4634.838299999999,0.0,
0,3962,800,6,3630,0,7,450,0,423.226,1,116.31147540983606,19:16,0.0,5058.064299999999,0.0,
0,3975,800,6,3630,0,7,450,0,433.548,1,116.31147540983606,19:17,0.0,5491.612299999999,0.0,
0,3988,800,6,3630,0,7,450,0,433.548,1,116.31147540983606,19:18,0.0,5925.160299999999,0.0,
0,4001,800,6,3630,0,7,375,0,433.548,1,116.92622950819673,19:19,0.0,6358.708299999998,0.0,
0,4014,800,6,3630,0,7,375,0,433.548,1,116.92622950819673,19:20,0.0,6792.256299999998,0.0,
0,4027,800,6,3630,0,7,300,0,433.548,1,117.54098360655738,19:21,0.0,7225.804299999998,0.0,
0,4040,800,6,3630,0,7,300,0,433.548,1,117.54098360655738,19:22,0.0,7659.352299999998,0.0,
0,4053,800,6,3630,0,7,300,0,433.548,1,117.54098360655738,19:23,0.0,8092.9002999999975,0.0,
0,4066,800,6,3630,0,7,300,0,433.548,1,117.54098360655738,19:24,0.0,8526.448299999998,0.0,
0,4079,800,6,3630,0,7,150,0,433.548,1,118.77049180327869,19:25,0.0,8959.996299999999,0.0,
0,4092,800,6,3630,0,7,150,0,443.871,1,118.77049180327869,19:26,0.0,9403.867299999998,0.0,
0,4105,800,6,3630,0,7,150,0,443.871,1,118.77049180327869,19:27,0.0,9847.738299999997,0.0,
0,4118,800,6,3630,0,7,150,0,433.548,1,118.77049180327869,19:28,0.0,10281.286299999998,0.0,
0,4131,800,6,3630,0,7,150,0,443.871,1,118.77049180327869,19:29,0.0,10725.157299999997,0.0,
0,4144,800,6,3630,0,7,150,0,443.871,1,118.77049180327869,19:30,0.0,11169.028299999996,0.0,
0,4157,800,6,3630,0,7,0,0,443.871,1,120.0,19:31,0.0,11612.899299999995,0.0,
0,4170,800,6,3630,0,7,0,0,443.871,1,120.0,19:32,0.0,12056.770299999995,0.0,
0,4183,800,6,3630,0,7,0,0,443.871,1,120.0,19:33,0.0,12500.641299999994,0.0,
0,4196,800,6,3630,0,7,0,0,454.194,1,120.0,19:34,0.0,12954.835299999993,0.0,
0,4209,800,6,3630,0,7,0,0,443.871,1,120.0,19:35,0.0,13398.706299999993,0.0,
0,4222,800,6,3630,0,7,0,0,454.194,1,120.0,19:36,0.0,13852.900299999992,0.0,
0,4235,800,6,3630,0,7,0,0,454.194,1,120.0,19:37,0.0,14307.094299999992,0.0,
0,4248,800,6,3630,0,7,0,0,443.871,1,120.0,19:38,0.0,14750.96529999999,0.0,
0,4261,800,6,3630,0,7,0,0,454.194,1,120.0,19:39,0.0,15205.15929999999,0.0,
0,4274,800,6,3630,0,7,0,0,454.194,1,120.0,19:40,0.0,15659.35329999999,0.0,
0,4287,800,6,3630,0,7,0,0,454.194,1,120.0,19:41,0.0,16113.54729999999,0.0,
0,4300,800,6,3630,0,7,0,0,454.194,1,120.0,19:42,0.0,16567.74129999999,0.0,
0,4313,800,6,3630,0,7,0,0,464.516,1,120.0,19:43,0.0,17032.25729999999,0.0,
0,4326,800,6,3630,0,7,0,0,454.194,1,120.0,19:44,0.0,17486.45129999999,0.0,
0,4339,800,6,3630,0,7,0,0,454.194,1,120.0,19:45,0.0,17940.64529999999,0.0,
0,4352,800,6,3630,0,7,0,0,454.194,1,120.0,19:46,0.0,18394.83929999999,0.0,
0,4365,800,6,3630,0,7,0,0,454.194,1,120.0,19:47,0.0,18849.03329999999,0.0,
0,4378,800,6,3630,0,7,0,0,464.516,1,120.0,19:48,0.0,19313.549299999988,0.0,
0,4391,800,6,3630,0,7,0,0,454.194,1,120.0,19:49,0.0,19767.743299999987,0.0,
0,4404,800,6,3630,0,7,0,0,464.516,1,120.0,19:50,0.0,20232.259299999987,0.0,
0,4417,800,6,3630,0,7,0,0,454.194,1,120.0,19:51,0.0,20686.453299999986,0.0,
0,4430,800,6,3630,0,7,0,0,454.194,1,120.0,19:52,0.0,21140.647299999986,0.0,
0,4443,800,6,3630,0,7,0,0,464.516,1,120.0,19:53,0.0,21605.163299999986,0.0,
0,4456,800,6,3630,0,7,0,0,41.2903,0,120.0,19:54,0.0,21646.453599999986,0.0,
0,4456,0,6,3630,0,7,0,0,30.9677,0,120.0,19:55,0.0,21677.421299999987,0.0,
0,4456,0,6,3630,0,7,0,0,30.9677,0,120.0,19:56,0.0,21708.38899999999,0.0,
0,4456,0,6,3630,0,7,0,0,41.2903,0,120.0,19:57,0.0,21749.67929999999,0.0,
0,4456,0,6,3630,0,7,0,0,0.0,0,120.0,19:58,0.0,0.0,0.0,
0,4456,0,6,3630,0,7,0,0,0.0,0,120.0,19:59,0.0,0.0,0.0,
0,4456,0,6,3630,0,7,0,0,0.0,0,120.0,20:00,0.0,0.0,0.0,
0,4456,0,6,3630,0,7,525,0,0.0,0,115.69672131147541,20:01,0.0,0.0,0.0,
0,4456,0,6,3630,0,7,825,0,41.2903,0,113.23770491803279,20:02,0.0,0.0,41.2903,
0,4456,0,6,3630,0,7,975,0,30.9677,0,112.00819672131148,20:03,0.0,0.0,72.25800000000001,
0,4456,0,6,3630,0,7,975,0,402.581,0,112.00819672131148,20:04,0.0,0.0,474.83900000000006,
0,4456,0,6,3630,0,7,825,0,402.581,1,113.23770491803279,20:05,0.0,0.0,877.4200000000001,
0,4469,800,6,3630,0,7,750,0,412.903,1,113.85245901639344,20:06,0.0,0.0,1290.323,
0,4482,800,6,3630,0,7,750,0,412.903,1,113.85245901639344,20:07,0.0,0.0,1703.226,
0,4495,800,6,3630,0,7,750,0,423.226,1,113.85245901639344,20:08,0.0,0.0,2126.452,
0,4508,800,6,3630,0,7,675,0,423.226,1,114.4672131147541,20:09,0.0,0.0,2549.6780000000003,
0,4521,800,6,3630,0,7,675,0,423.226,1,114.4672131147541,20:10,0.0,0.0,2972.9040000000005,
0,4534,800,6,3630,0,7,675,0,412.903,1,114.4672131147541,20:11,0.0,0.0,3385.8070000000007,
0,4547,800,6,3630,0,7,675,0,423.226,1,114.4672131147541,20:12,0.0,0.0,3809.033000000001,
0,4560,800,6,3630,0,7,525,0,423.226,1,115.69672131147541,20:13,0.0,0.0,4232.259000000001,
0,4573,800,6,3630,0,7,525,0,423.226,1,115.69672131147541,20:14,0.0,0.0,4655.485000000001,
0,4586,800,6,3630,0,7,525,0,433.548,1,115.69672131147541,20:15,0.0,0.0,5089.033,
0,4599,800,6,3630,0,7,525,0,433.548,1,115.69672131147541,20:16,0.0,0.0,5522.581,
0,4612,800,6,3630,0,7,525,0,423.226,1,115.69672131147541,20:17,0.0,0.0,5945.807,
0,4625,800,6,3630,0,7,525,0,423.226,1,115.69672131147541,20:18,0.0,0.0,6369.032999999999,
0,4638,800,6,3630,0,7,450,0,433.548,1,116.31147540983606,20:19,0.0,0.0,6802.580999999999,
0,4651,800,6,3630,0,7,450,0,433.548,1,116.31147540983606,20:20,0.0,0.0,7236.128999999999,
0,4664,800,6,3630,0,7,450,0,433.548,1,116.31147540983606,20:21,0.0,0.0,7669.676999999999,
0,4677,800,6,3630,0,7,450,0,433.548,1,116.31147540983606,20:22,0.0,0.0,8103.2249999999985,
0,4690,800,6,3630,0,7,450,0,433.548,1,116.31147540983606,20:23,0.0,0.0,8536.773,
0,4703,800,6,3630,0,7,375,0,423.226,1,116.92622950819673,20:24,0.0,0.0,8959.999,
0,4716,800,6,3630,0,7,375,0,433.548,1,116.92622950819673,20:25,0.0,0.0,9393.547,
0,4729,800,6,3630,0,7,300,0,433.548,1,117.54098360655738,20:26,0.0,0.0,9827.095000000001,
0,4742,800,6,3630,0,7,300,0,443.871,1,117.54098360655738,20:27,0.0,0.0,10270.966,
0,4755,800,6,3630,0,7,300,0,433.548,1,117.54098360655738,20:28,0.0,0.0,10704.514000000001,
0,4768,800,6,3630,0,7,300,0,443.871,1,117.54098360655738,20:29,0.0,0.0,11148.385,
0,4781,800,6,3630,0,7,150,0,443.871,1,118.77049180327869,20:30,0.0,0.0,11592.256,
0,4794,800,6,3630,0,7,150,0,433.548,1,118.77049180327869,20:31,0.0,0.0,12025.804,
0,4807,800,6,3630,0,7,150,0,433.548,1,118.77049180327869,20:32,0.0,0.0,12459.352,
0,4820,800,6,3630,0,7,150,0,443.871,1,118.77049180327869,20:33,0.0,0.0,12903.223,
0,4833,800,6,3630,0,7,150,0,443.871,1,118.77049180327869,20:34,0.0,0.0,13347.094,
0,4846,800,6,3630,0,7,0,0,443.871,1,120.0,20:35,0.0,0.0,13790.964999999998,
0,4859,800,6,3630,0,7,0,0,454.194,1,120.0,20:37,0.0,0.0,14245.158999999998,
0,4872,800,6,3630,0,7,0,0,443.871,1,120.0,20:38,0.0,0.0,14689.029999999997,
0,4885,800,6,3630,0,7,0,0,443.871,1,120.0,20:39,0.0,0.0,15132.900999999996,
0,4898,800,6,3630,0,7,0,0,443.871,1,120.0,20:40,0.0,0.0,15576.771999999995,
0,4911,800,6,3630,0,7,0,0,443.871,1,120.0,20:41,0.0,0.0,16020.642999999995,
0,4924,800,6,3630,0,7,0,0,454.194,1,120.0,20:42,0.0,0.0,16474.836999999996,
0,4937,800,6,3630,0,7,0,0,454.194,1,120.0,20:43,0.0,0.0,16929.030999999995,
0,4950,800,6,3630,0,7,0,0,454.194,1,120.0,20:44,0.0,0.0,17383.224999999995,
0,4963,800,6,3630,0,7,0,0,454.194,1,120.0,20:45,0.0,0.0,17837.418999999994,
0,4976,800,6,3630,0,7,0,0,454.194,1,120.0,20:46,0.0,0.0,18291.612999999994,
0,4989,800,6,3630,0,7,0,0,454.194,1,120.0,20:47,0.0,0.0,18745.806999999993,
0,5002,800,6,3630,0,7,0,0,454.194,1,120.0,20:48,0.0,0.0,19200.000999999993,
0,5015,800,6,3630,0,7,0,0,464.516,1,120.0,20:49,0.0,0.0,19664.516999999993,
0,5028,800,6,3630,0,7,0,0,454.194,1,120.0,20:50,0.0,0.0,20118.710999999992,
0,5041,800,6,3630,0,7,0,0,454.194,1,120.0,20:51,0.0,0.0,20572.90499999999,
0,5054,800,6,3630,0,7,0,0,454.194,1,120.0,20:52,0.0,0.0,21027.09899999999,
0,5067,800,6,3630,0,7,0,0,41.2903,0,120.0,20:53,0.0,0.0,21068.38929999999,
0,5067,0,6,3630,0,7,0,0,30.9677,0,120.0,20:54,0.0,0.0,21099.356999999993,
0,5067,0,6,3630,0,7,0,0,30.9677,0,120.0,20:55,0.0,0.0,21130.324699999994,
0,5067,0,6,3630,0,7,0,0,30.9677,0,120.0,20:56,0.0,0.0,21161.292399999995,
0,5067,0,6,3630,0,7,0,0,0.0,0,120.0,20:57,0.0,0.0,0.0,
0,5067,0,6,3630,0,7,0,0,0.0,0,120.0,20:58,0.0,0.0,0.0,
0,5067,0,6,3630,0,7,0,0,0.0,0,120.0,20:59,0.0,0.0,0.0,
0,5067,0,6,3630,0,7,0,0,0.0,0,120.0,21:00,0.0,0.0,0.0,
0,5067,0,6,3630,0,7,0,0,0.0,0,120.0,21:01,0.0,0.0,0.0,
0,5067,0,6,3630,0,7,0,0,0.0,0,120.0,21:02,0.0,0.0,0.0,
0,5067,0,6,3630,0,7,0,0,0.0,0,120.0,21:03,0.0,0.0,0.0,
0,5067,0,6,3630,0,7,0,0,0.0,0,120.0,21:04,0.0,0.0,0.0,
0,5067,0,6,3630,0,7,0,0,0.0,0,120.0,21:05,0.0,0.0,0.0,
0,5067,0,6,3630,0,7,0,0,0.0,0,120.0,21:06,0.0,0.0,0.0,
0,5067,0,6,3630,0,7,0,0,0.0,0,120.0,21:07,0.0,0.0,0.0,
0,5067,0,6,3630,0,7,0,0,0.0,0,120.0,21:08,0.0,0.0,0.0,
0,5067,0,6,3630,0,7,0,0,0.0,0,120.0,21:09,0.0,0.0,0.0,
0,5067,0,6,3630,0,7,0,0,0.0,0,120.0,21:10,0.0,0.0,0.0,
0,5067,0,6,3630,0,7,0,0,0.0,0,120.0,21:11,0.0,0.0,0.0,
0,5067,0,6,3630,0,7,0,0,0.0,0,120.0,21:12,0.0,0.0,0.0,
0,5067,0,6,3630,0,7,0,0,0.0,0,120.0,21:13,0.0,0.0,0.0,
0,5067,0,6,3630,0,7,0,0,0.0,0,120.0,21:14,0.0,0.0,0.0,
0,5067,0,6,3630,0,7,0,0,0.0,0,120.0,21:15,0.0,0.0,0.0,
0,5067,0,6,3630,0,7,0,0,0.0,0,120.0,21:16,0.0,0.0,0.0,
0,5067,0,6,3630,0,7,0,0,0.0,0,120.0,21:17,0.0,0.0,0.0,
0,5067,0,6,3630,0,7,0,0,0.0,0,120.0,21:18,0.0,0.0,0.0,
0,5067,0,6,3630,0,7,0,0,0.0,0,120.0,21:19,0.0,0.0,0.0,
0,5067,0,6,3630,0,7,0,0,0.0,0,120.0,21:20,0.0,0.0,0.0,
0,5067,0,6,3630,0,7,0,0,0.0,0,120.0,21:21,0.0,0.0,0.0,
0,5067,0,6,3630,0,7,0,0,0.0,0,120.0,21:22,0.0,0.0,0.0,
0,5067,0,6,3630,0,7,0,0,0.0,0,120.0,21:23,0.0,0.0,0.0,
0,5067,0,6,3630,0,7,0,0,0.0,0,120.0,21:24,0.0,0.0,0.0,
0,5067,0,6,3630,0,7,0,0,0.0,0,120.0,21:25,0.0,0.0,0.0,
0,5067,0,6,3630,0,7,0,0,0.0,0,120.0,21:26,0.0,0.0,0.0,
0,5067,0,6,3630,0,7,0,0,0.0,0,120.0,21:27,0.0,0.0,0.0,
0,5067,0,6,3630,0,7,0,0,0.0,0,120.0,21:28,0.0,0.0,0.0,
0,5067,0,6,3630,0,7,0,0,0.0,0,120.0,21:29,0.0,0.0,0.0,
0,5067,0,6,3630,0,7,0,0,0.0,0,120.0,21:30,0.0,0.0,0.0,
0,5067,0,6,3630,0,7,0,0,0.0,0,120.0,21:31,0.0,0.0,0.0,
0,5067,0,6,3630,0,7,0,0,0.0,0,120.0,21:32,0.0,0.0,0.0,
0,5067,0,6,3630,0,7,0,0,0.0,0,120.0,21:33,0.0,0.0,0.0,
0,5067,0,6,3630,0,7,0,0,0.0,0,120.0,21:34,0.0,0.0,0.0,
0,5067,0,6,3630,0,7,0,0,0.0,0,120.0,21:35,0.0,0.0,0.0,
0,5067,0,6,3630,0,7,0,0,0.0,0,120.0,21:36,0.0,0.0,0.0,
0,5067,0,6,3630,0,7,0,0,0.0,0,120.0,21:37,0.0,0.0,0.0,
0,5067,0,6,3630,0,7,0,0,0.0,0,120.0,21:38,0.0,0.0,0.0,
0,5067,0,6,3630,0,7,0,0,0.0,0,120.0,21:39,0.0,0.0,0.0,
0,5067,0,6,3630,0,7,0,0,0.0,0,120.0,21:40,0.0,0.0,0.0,
0,5067,0,6,3630,0,7,0,0,0.0,0,120.0,21:41,0.0,0.0,0.0,
0,5067,0,6,3630,0,7,0,0,0.0,0,120.0,21:42,0.0,0.0,0.0,
0,5067,0,6,3630,0,7,0,0,0.0,0,120.0,21:43,0.0,0.0,0.0,
0,5067,0,6,3630,0,7,0,0,0.0,0,120.0,21:44,0.0,0.0,0.0,
0,5067,0,6,3630,0,7,0,0,0.0,0,120.0,21:45,0.0,0.0,0.0,
0,5067,0,6,3630,0,7,0,0,0.0,0,120.0,21:46,0.0,0.0,0.0,
0,5067,0,6,3630,0,7,0,0,0.0,0,120.0,21:47,0.0,0.0,0.0,
0,5067,0,6,3630,0,7,0,0,0.0,0,120.0,21:48,0.0,0.0,0.0,
0,5067,0,6,3630,0,7,0,0,0.0,0,120.0,21:49,0.0,0.0,0.0,
0,5067,0,6,3630,0,7,0,0,0.0,0,120.0,21:50,0.0,0.0,0.0,
0,5067,0,6,3630,0,7,0,0,0.0,0,120.0,21:51,0.0,0.0,0.0,
0,5067,0,6,3630,0,7,0,0,0.0,0,120.0,21:52,0.0,0.0,0.0,
0,5067,0,6,3630,0,7,0,0,0.0,0,120.0,21:53,0.0,0.0,0.0,
0,5067,0,6,3630,0,7,0,0,0.0,0,120.0,21:54,0.0,0.0,0.0,
0,5067,0,6,3630,0,7,0,0,0.0,0,120.0,21:55,0.0,0.0,0.0,
0,5067,0,6,3630,0,7,0,0,0.0,0,120.0,21:56,0.0,0.0,0.0,
0,5067,0,6,3630,0,7,0,0,0.0,0,120.0,21:57,0.0,0.0,0.0,
0,5067,0,6,3630,0,7,0,0,0.0,0,120.0,21:58,0.0,0.0,0.0,
0,5067,0,6,3630,0,7,0,0,0.0,0,120.0,21:59,0.0,0.0,0.0,
0,5067,0,6,3630,0,7,0,0,0.0,0,120.0,22:00,0.0,0.0,0.0,
0,5067,0,6,3630,0,7,0,0,0.0,0,120.0,22:01,0.0,0.0,0.0,
0,5067,0,6,3630,0,7,0,0,0.0,0,120.0,22:02,0.0,0.0,0.0,
0,5067,0,6,3630,0,7,0,0,0.0,0,120.0,22:03,0.0,0.0,0.0,
0,5067,0,6,3630,0,7,0,0,0.0,0,120.0,22:04,0.0,0.0,0.0,
0,5067,0,6,3630,0,7,0,0,0.0,0,120.0,22:05,0.0,0.0,0.0,
0,5067,0,6,3630,0,7,0,0,0.0,0,120.0,22:06,0.0,0.0,0.0,
0,5067,0,6,3630,0,7,0,0,0.0,0,120.0,22:07,0.0,0.0,0.0,
0,5067,0,6,3630,0,7,0,0,0.0,0,120.0,22:08,0.0,0.0,0.0,
0,5067,0,6,3630,0,7,0,0,0.0,0,120.0,22:09,0.0,0.0,0.0,
0,5067,0,6,3630,0,7,0,0,0.0,0,120.0,22:10,0.0,0.0,0.0,
0,5067,0,6,3630,0,7,0,0,0.0,0,120.0,22:11,0.0,0.0,0.0,
0,5067,0,6,3630,0,7,0,0,0.0,0,120.0,22:12,0.0,0.0,0.0,
0,5067,0,6,3630,0,7,0,0,0.0,0,120.0,22:13,0.0,0.0,0.0,
0,5067,0,6,3630,0,7,0,0,0.0,0,120.0,22:14,0.0,0.0,0.0,
0,5067,0,6,3630,0,7,0,0,0.0,0,120.0,22:15,0.0,0.0,0.0,
0,5067,0,6,3630,0,7,0,0,0.0,0,120.0,22:16,0.0,0.0,0.0,
0,5067,0,6,3630,0,7,0,0,0.0,0,120.0,22:17,0.0,0.0,0.0,
0,5067,0,6,3630,0,7,0,0,0.0,0,120.0,22:18,0.0,0.0,0.0,
0,5067,0,6,3630,0,7,0,0,0.0,0,120.0,22:19,0.0,0.0,0.0,
0,5067,0,6,3630,0,7,0,0,0.0,0,120.0,22:20,0.0,0.0,0.0,
0,5067,0,6,3630,0,7,0,0,0.0,0,120.0,22:21,0.0,0.0,0.0,
0,5067,0,6,3630,0,7,0,0,0.0,0,120.0,22:23,0.0,0.0,0.0,
0,5067,0,6,3630,0,7,0,0,0.0,0,120.0,22:24,0.0,0.0,0.0,
0,5067,0,6,3630,0,7,0,0,0.0,0,120.0,22:25,0.0,0.0,0.0,
0,5067,0,6,3630,0,7,0,0,0.0,0,120.0,22:26,0.0,0.0,0.0,
0,5067,0,6,3630,0,7,0,0,0.0,0,120.0,22:27,0.0,0.0,0.0,
0,5067,0,6,3630,0,7,0,0,0.0,0,120.0,22:28,0.0,0.0,0.0,
0,5067,0,6,3630,0,7,0,0,0.0,0,120.0,22:29,0.0,0.0,0.0,
0,5067,0,6,3630,0,7,0,0,0.0,0,120.0,22:30,0.0,0.0,0.0,
0,5067,0,6,3630,0,7,0,0,0.0,0,120.0,22:31,0.0,0.0,0.0,
0,5067,0,6,3630,0,7,0,0,0.0,0,120.0,22:32,0.0,0.0,0.0,
0,5067,0,6,3630,0,7,0,0,0.0,0,120.0,22:33,0.0,0.0,0.0,
0,5067,0,6,3630,0,7,0,0,0.0,0,120.0,22:34,0.0,0.0,0.0,
0,5067,0,6,3630,0,7,0,0,0.0,0,120.0,22:35,0.0,0.0,0.0,
0,5067,0,6,3630,0,7,0,0,0.0,0,120.0,22:36,0.0,0.0,0.0,
0,5067,0,6,3630,0,7,0,0,0.0,0,120.0,22:37,0.0,0.0,0.0,
0,5067,0,6,3630,0,7,0,0,0.0,0,120.0,22:38,0.0,0.0,0.0,
0,5067,0,6,3630,0,7,0,0,0.0,0,120.0,22:39,0.0,0.0,0.0,
0,5067,0,6,3630,0,7,0,0,0.0,0,120.0,22:40,0.0,0.0,0.0,
0,5067,0,6,3630,0,7,0,0,0.0,0,120.0,22:41,0.0,0.0,0.0,
0,5067,0,6,3630,0,7,0,0,0.0,0,120.0,22:42,0.0,0.0,0.0,
0,5067,0,6,3630,0,7,0,0,0.0,0,120.0,22:43,0.0,0.0,0.0,
0,5067,0,6,3630,0,7,0,0,0.0,0,120.0,22:44,0.0,0.0,0.0,
0,5067,0,6,3630,0,7,0,0,0.0,0,120.0,22:45,0.0,0.0,0.0,
0,5067,0,6,3630,0,7,0,0,0.0,0,120.0,22:46,0.0,0.0,0.0,
0,5067,0,6,3630,0,7,0,0,0.0,0,120.0,22:47,0.0,0.0,0.0,
0,5067,0,6,3630,0,7,0,0,0.0,0,120.0,22:48,0.0,0.0,0.0,
0,5067,0,6,3630,0,7,0,0,0.0,0,120.0,22:49,0.0,0.0,0.0,
0,5067,0,6,3630,0,7,0,0,0.0,0,120.0,22:50,0.0,0.0,0.0,
0,5067,0,6,3630,0,7,0,0,0.0,0,120.0,22:51,0.0,0.0,0.0,
0,5067,0,6,3630,0,7,0,0,0.0,0,120.0,22:52,0.0,0.0,0.0,
0,5067,0,6,3630,0,7,0,0,0.0,0,120.0,22:53,0.0,0.0,0.0,
0,5067,0,6,3630,0,7,0,0,0.0,0,120.0,22:54,0.0,0.0,0.0,
0,5067,0,6,3630,0,7,0,0,0.0,0,120.0,22:55,0.0,0.0,0.0,
0,5067,0,6,3630,0,7,0,0,0.0,0,120.0,22:56,0.0,0.0,0.0,
0,5067,0,6,3630,0,7,0,0,0.0,0,120.0,22:57,0.0,0.0,0.0,
0,5067,0,6,3630,0,7,0,0,0.0,0,120.0,22:58,0.0,0.0,0.0,
0,5067,0,6,3630,0,7,0,0,0.0,0,120.0,22:59,0.0,0.0,0.0,
0,5067,0,6,3630,0,7,0,0,0.0,0,120.0,23:00,0.0,0.0,0.0,
0,5067,0,6,3630,0,7,0,0,0.0,0,120.0,23:01,0.0,0.0,0.0,
0,5067,0,6,3630,0,7,0,0,0.0,0,120.0,23:02,0.0,0.0,0.0,
0,5067,0,6,3630,0,7,0,0,0.0,0,120.0,23:03,0.0,0.0,0.0,
0,5067,0,6,3630,0,7,0,0,0.0,0,120.0,23:04,0.0,0.0,0.0,
0,5067,0,6,3630,0,7,0,0,0.0,0,120.0,23:05,0.0,0.0,0.0,
0,5067,0,6,3630,0,7,0,0,0.0,0,120.0,23:06,0.0,0.0,0.0,
0,5067,0,6,3630,0,7,0,0,0.0,0,120.0,23:07,0.0,0.0,0.0,
0,5067,0,6,3630,0,7,0,0,0.0,0,120.0,23:08,0.0,0.0,0.0,
0,5067,0,6,3630,0,7,0,0,0.0,0,120.0,23:09,0.0,0.0,0.0,
0,5067,0,6,3630,0,7,0,0,0.0,0,120.0,23:10,0.0,0.0,0.0,
0,5067,0,6,3630,0,7,0,0,0.0,0,120.0,23:11,0.0,0.0,0.0,
0,5067,0,6,3630,0,7,0,0,0.0,0,120.0,23:12,0.0,0.0,0.0,
0,5067,0,6,3630,0,7,0,0,0.0,0,120.0,23:13,0.0,0.0,0.0,
0,5067,0,6,3630,0,7,0,0,0.0,0,120.0,23:14,0.0,0.0,0.0,
0,5067,0,6,3630,0,7,0,0,0.0,0,120.0,23:15,0.0,0.0,0.0,
0,5067,0,6,3630,0,7,0,0,0.0,0,120.0,23:16,0.0,0.0,0.0,
0,5067,0,6,3630,0,7,0,0,0.0,0,120.0,23:17,0.0,0.0,0.0,
0,5067,0,6,3630,0,7,0,0,0.0,0,120.0,23:18,0.0,0.0,0.0,
0,5067,0,6,3630,0,7,0,0,0.0,0,120.0,23:19,0.0,0.0,0.0,
0,5067,0,6,3630,0,7,0,0,0.0,0,120.0,23:20,0.0,0.0,0.0,
0,5067,0,6,3630,0,7,0,0,0.0,0,120.0,23:21,0.0,0.0,0.0,
0,5067,0,6,3630,0,7,0,0,0.0,0,120.0,23:22,0.0,0.0,0.0,
0,5067,0,6,3630,0,7,0,0,0.0,0,120.0,23:23,0.0,0.0,0.0,
0,5067,0,6,3630,0,7,0,0,0.0,0,120.0,23:24,0.0,0.0,0.0,
0,5067,0,6,3630,0,7,0,0,0.0,0,120.0,23:25,0.0,0.0,0.0,
0,5067,0,6,3630,0,7,0,0,0.0,0,120.0,23:26,0.0,0.0,0.0,
0,5067,0,6,3630,0,7,0,0,0.0,0,120.0,23:27,0.0,0.0,0.0,
0,5067,0,6,3630,0,7,0,0,0.0,0,120.0,23:28,0.0,0.0,0.0,
0,5067,0,6,3630,0,7,0,0,0.0,0,120.0,23:29,0.0,0.0,0.0,
0,5067,0,6,3630,0,7,0,0,0.0,0,120.0,23:30,0.0,0.0,0.0,
0,5067,0,6,3630,0,7,0,0,0.0,0,120.0,23:31,0.0,0.0,0.0,
0,5067,0,6,3630,0,7,0,0,0.0,0,120.0,23:32,0.0,0.0,0.0,
0,5067,0,6,3630,0,7,0,0,0.0,0,120.0,23:33,0.0,0.0,0.0,
0,5067,0,6,3630,0,7,0,0,0.0,0,120.0,23:34,0.0,0.0,0.0,
0,5067,0,6,3630,0,7,0,0,0.0,0,120.0,23:35,0.0,0.0,0.0,
0,5067,0,6,3630,0,7,0,0,0.0,0,120.0,23:36,0.0,0.0,0.0,
0,5067,0,6,3630,0,7,0,0,0.0,0,120.0,23:37,0.0,0.0,0.0,
0,5067,0,6,3630,0,7,0,0,0.0,0,120.0,23:38,0.0,0.0,0.0,
0,5067,0,6,3630,0,7,0,0,0.0,0,120.0,23:39,0.0,0.0,0.0,
0,5067,0,6,3630,0,7,0,0,0.0,0,120.0,23:40,0.0,0.0,0.0,
0,5067,0,6,3630,0,7,0,0,0.0,0,120.0,23:41,0.0,0.0,0.0,
0,5067,0,6,3630,0,7,0,0,0.0,0,120.0,23:42,0.0,0.0,0.0,
0,5067,0,6,3630,0,7,0,0,0.0,0,120.0,23:43,0.0,0.0,0.0,
0,5067,0,6,3630,0,7,0,0,0.0,0,120.0,23:44,0.0,0.0,0.0,
0,5067,0,6,3630,0,7,0,0,0.0,0,120.0,23:45,0.0,0.0,0.0,
0,5067,0,6,3630,0,7,0,0,0.0,0,120.0,23:46,0.0,0.0,0.0,
0,5067,0,6,3630,0,7,0,0,0.0,0,120.0,23:47,0.0,0.0,0.0,
0,5067,0,6,3630,0,7,0,0,0.0,0,120.0,23:48,0.0,0.0,0.0,
0,5067,0,6,3630,0,7,0,0,0.0,0,120.0,23:49,0.0,0.0,0.0,
0,5067,0,6,3630,0,7,0,0,0.0,0,120.0,23:50,0.0,0.0,0.0,
0,5067,0,6,3630,0,7,0,0,0.0,0,120.0,23:51,0.0,0.0,0.0,
0,5067,0,6,3630,0,7,0,0,0.0,0,120.0,23:52,0.0,0.0,0.0,
0,5067,0,6,3630,0,7,0,0,0.0,0,120.0,23:53,0.0,0.0,0.0,
0,5067,0,6,3630,0,7,0,0,0.0,0,120.0,23:54,0.0,0.0,0.0,
0,5067,0,6,3630,0,7,0,0,0.0,0,120.0,23:55,0.0,0.0,0.0,
0,5067,0,6,3630,0,7,0,0,0.0,0,120.0,23:56,0.0,0.0,0.0,
0,5067,0,6,3630,0,7,0,0,0.0,0,120.0,23:57,0.0,0.0,0.0,
0,5067,0,6,3630,0,7,0,0,0.0,0,120.0,23:58,0.0,0.0,0.0,
0,5067,0,6,3630,0,7,0,0,0.0,0,120.0,23:59,0.0,0.0,0.0,
